Date,Open,High,Low,Close
2-May-2000,5000,5100,4900,5055
3-May-2000,5056,5155,4956,5145
4-May-2000,5151,5320,5146,5226
5-May-2000,5219,5295,5115,5152
6-May-2000,5162,5285,5108,5237
7-May-2000,5243,5263,5135,5228
8-May-2000,5224,5294,5223,5231
9-May-2000,5231,5306,5162,5176
10-May-2000,5160,5238,5087,5230
11-May-2000,5248,5365,5209,5281
12-May-2000,5294,5488,5251,5388
13-May-2000,5371,5383,5347,5366
14-May-2000,5354,5355,5257,5262
15-May-2000,5261,5306,5169,5238
16-May-2000,5244,5300,5228,5233
17-May-2000,5218,5300,5176,5219
18-May-2000,5200,5239,5184,5232
19-May-2000,5245,5329,5195,5281
20-May-2000,5274,5391,5200,5368
21-May-2000,5378,5438,5234,5321
22-May-2000,5341,5406,5224,5253
23-May-2000,5237,5396,5163,5297
24-May-2000,5311,5378,5240,5329
25-May-2000,5338,5437,5257,5396
26-May-2000,5410,5520,5383,5471
27-May-2000,5480,5528,5407,5409
28-May-2000,5421,5511,5415,5487
29-May-2000,5478,5652,5460,5574
30-May-2000,5571,5690,5505,5640
31-May-2000,5631,5701,5461,5553
1-Jun-2000,5561,5671,5519,5630
2-Jun-2000,5615,5758,5537,5695
3-Jun-2000,5703,5781,5614,5748
4-Jun-2000,5762,5922,5708,5853
5-Jun-2000,5860,5960,5818,5881
6-Jun-2000,5881,6030,5851,5974
7-Jun-2000,5970,5999,5853,5894
8-Jun-2000,5895,5937,5819,5936
9-Jun-2000,5944,6101,5887,6027
10-Jun-2000,6045,6202,5975,6135
11-Jun-2000,6119,6201,6028,6082
12-Jun-2000,6064,6107,6044,6106
13-Jun-2000,6124,6187,6111,6172
14-Jun-2000,6163,6191,6106,6173
15-Jun-2000,6164,6220,6040,6085
16-Jun-2000,6104,6108,6052,6099
17-Jun-2000,6116,6166,5968,6064
18-Jun-2000,6050,6072,5936,6020
19-Jun-2000,6039,6151,5982,6053
20-Jun-2000,6067,6101,5909,6001
21-Jun-2000,5995,6000,5893,5972
22-Jun-2000,5964,6023,5828,5900
23-Jun-2000,5880,5951,5791,5827
24-Jun-2000,5841,5931,5744,5818
25-Jun-2000,5807,5886,5707,5833
26-Jun-2000,5819,5857,5777,5816
27-Jun-2000,5809,5916,5800,5881
28-Jun-2000,5872,5962,5782,5855
29-Jun-2000,5868,5913,5812,5872
30-Jun-2000,5879,5936,5694,5788
1-Jul-2000,5777,5804,5762,5765
2-Jul-2000,5761,5818,5662,5773
3-Jul-2000,5757,5803,5647,5746
4-Jul-2000,5743,5881,5664,5806
5-Jul-2000,5824,5853,5700,5773
6-Jul-2000,5767,5823,5671,5731
7-Jul-2000,5747,5821,5667,5703
8-Jul-2000,5694,5746,5605,5655
9-Jul-2000,5669,5732,5633,5672
10-Jul-2000,5682,5775,5601,5634
11-Jul-2000,5625,5750,5589,5695
12-Jul-2000,5715,5746,5556,5621
13-Jul-2000,5628,5667,5585,5636
14-Jul-2000,5651,5741,5559,5633
15-Jul-2000,5636,5729,5551,5716
16-Jul-2000,5717,5793,5614,5645
17-Jul-2000,5644,5691,5603,5681
18-Jul-2000,5691,5710,5532,5608
19-Jul-2000,5619,5719,5540,5692
20-Jul-2000,5697,5848,5626,5786
21-Jul-2000,5780,5855,5640,5733
22-Jul-2000,5746,5812,5699,5794
23-Jul-2000,5784,5857,5754,5798
24-Jul-2000,5778,5896,5724,5861
25-Jul-2000,5857,5954,5785,5839
26-Jul-2000,5825,6013,5755,5920
27-Jul-2000,5928,6021,5858,5966
28-Jul-2000,5966,6053,5883,5957
29-Jul-2000,5975,5977,5880,5934
30-Jul-2000,5946,5997,5848,5888
31-Jul-2000,5868,5979,5793,5907
1-Aug-2000,5912,6106,5850,6011
2-Aug-2000,6019,6081,5993,6042
3-Aug-2000,6022,6038,5967,6031
4-Aug-2000,6034,6170,5985,6097
5-Aug-2000,6111,6168,5996,6024
6-Aug-2000,6035,6077,5931,5964
7-Aug-2000,5983,6124,5905,6045
8-Aug-2000,6044,6117,6005,6066
9-Aug-2000,6056,6079,5994,6007
10-Aug-2000,5991,6048,5851,5897
11-Aug-2000,5908,6004,5812,5926
12-Aug-2000,5931,5986,5823,5869
13-Aug-2000,5853,5929,5789,5893
14-Aug-2000,5886,6017,5840,5940
15-Aug-2000,5949,5954,5814,5883
16-Aug-2000,5863,5885,5761,5768
17-Aug-2000,5785,5933,5754,5833
18-Aug-2000,5838,6015,5783,5933
19-Aug-2000,5947,6030,5909,5973
20-Aug-2000,5974,5984,5940,5952
21-Aug-2000,5949,6033,5904,6004
22-Aug-2000,6024,6074,5975,6022
23-Aug-2000,6040,6080,6017,6057
24-Aug-2000,6047,6126,5926,5965
25-Aug-2000,5981,6070,5959,6005
26-Aug-2000,5985,6028,5922,5976
27-Aug-2000,5982,6013,5953,5953
28-Aug-2000,5937,6048,5901,5948
29-Aug-2000,5963,6039,5812,5885
30-Aug-2000,5872,5942,5850,5908
31-Aug-2000,5889,5953,5765,5810
1-Sep-2000,5827,5923,5758,5817
2-Sep-2000,5797,5872,5766,5803
3-Sep-2000,5817,5965,5785,5894
4-Sep-2000,5910,5915,5860,5871
5-Sep-2000,5862,5968,5809,5950
6-Sep-2000,5957,6049,5852,5857
7-Sep-2000,5847,5880,5716,5764
8-Sep-2000,5768,5882,5731,5836
9-Sep-2000,5833,5847,5705,5756
10-Sep-2000,5774,5819,5740,5801
11-Sep-2000,5782,5839,5679,5682
12-Sep-2000,5676,5775,5600,5669
13-Sep-2000,5659,5698,5592,5670
14-Sep-2000,5670,5728,5521,5596
15-Sep-2000,5590,5677,5555,5642
16-Sep-2000,5640,5734,5589,5657
17-Sep-2000,5644,5661,5560,5574
18-Sep-2000,5555,5646,5467,5565
19-Sep-2000,5549,5637,5453,5498
20-Sep-2000,5498,5584,5494,5528
21-Sep-2000,5514,5556,5331,5424
22-Sep-2000,5406,5451,5327,5328
23-Sep-2000,5341,5443,5279,5397
24-Sep-2000,5395,5460,5328,5328
25-Sep-2000,5339,5450,5285,5356
26-Sep-2000,5365,5494,5362,5406
27-Sep-2000,5421,5497,5276,5352
28-Sep-2000,5349,5466,5318,5402
29-Sep-2000,5396,5414,5291,5357
30-Sep-2000,5350,5388,5245,5283
1-Oct-2000,5281,5361,5251,5296
2-Oct-2000,5308,5351,5228,5254
3-Oct-2000,5240,5254,5092,5156
4-Oct-2000,5157,5230,5087,5138
5-Oct-2000,5145,5251,5075,5205
6-Oct-2000,5198,5338,5137,5265
7-Oct-2000,5279,5366,5262,5363
8-Oct-2000,5351,5446,5192,5262
9-Oct-2000,5272,5302,5234,5281
10-Oct-2000,5287,5341,5251,5301
11-Oct-2000,5306,5384,5144,5229
12-Oct-2000,5220,5290,5141,5247
13-Oct-2000,5267,5456,5202,5357
14-Oct-2000,5366,5441,5261,5307
15-Oct-2000,5289,5335,5245,5332
16-Oct-2000,5328,5390,5295,5314
17-Oct-2000,5326,5417,5182,5241
18-Oct-2000,5245,5320,5088,5150
19-Oct-2000,5168,5271,5088,5253
20-Oct-2000,5261,5434,5235,5339
21-Oct-2000,5354,5408,5262,5385
22-Oct-2000,5388,5392,5285,5337
23-Oct-2000,5345,5512,5331,5421
24-Oct-2000,5419,5428,5354,5399
25-Oct-2000,5399,5493,5332,5443
26-Oct-2000,5426,5464,5287,5335
27-Oct-2000,5350,5384,5185,5265
28-Oct-2000,5250,5276,5203,5230
29-Oct-2000,5246,5336,5197,5224
30-Oct-2000,5208,5268,5145,5213
31-Oct-2000,5224,5285,5093,5178
1-Nov-2000,5185,5243,5101,5108
2-Nov-2000,5106,5141,5046,5141
3-Nov-2000,5157,5239,5074,5170
4-Nov-2000,5180,5222,5080,5184
5-Nov-2000,5176,5365,5133,5274
6-Nov-2000,5287,5416,5258,5355
7-Nov-2000,5356,5461,5342,5363
8-Nov-2000,5364,5408,5165,5265
9-Nov-2000,5265,5381,5210,5312
10-Nov-2000,5292,5332,5113,5211
11-Nov-2000,5205,5242,5088,5125
12-Nov-2000,5135,5272,5120,5200
13-Nov-2000,5217,5359,5176,5284
14-Nov-2000,5289,5385,5172,5253
15-Nov-2000,5253,5307,5191,5242
16-Nov-2000,5249,5294,5120,5206
17-Nov-2000,5203,5271,5174,5208
18-Nov-2000,5218,5291,5125,5131
19-Nov-2000,5127,5244,5042,5159
20-Nov-2000,5161,5259,5023,5068
21-Nov-2000,5069,5158,5018,5152
22-Nov-2000,5172,5217,5015,5108
23-Nov-2000,5100,5126,4924,5010
24-Nov-2000,5024,5073,4967,4995
25-Nov-2000,4984,5020,4871,4888
26-Nov-2000,4886,5003,4807,4959
27-Nov-2000,4952,5021,4916,4993
28-Nov-2000,4979,5068,4931,5068
29-Nov-2000,5085,5204,5045,5118
30-Nov-2000,5137,5170,5091,5124
1-Dec-2000,5113,5207,5038,5114
2-Dec-2000,5125,5130,5095,5125
3-Dec-2000,5116,5185,5068,5132
4-Dec-2000,5125,5145,5016,5110
5-Dec-2000,5128,5172,4982,5030
6-Dec-2000,5037,5067,4924,5003
7-Dec-2000,5014,5111,4959,4981
8-Dec-2000,4996,5141,4907,5064
9-Dec-2000,5080,5095,5051,5066
10-Dec-2000,5067,5116,4890,4979
11-Dec-2000,4994,5083,4982,5060
12-Dec-2000,5057,5216,5055,5116
13-Dec-2000,5122,5142,5047,5106
14-Dec-2000,5088,5193,5063,5146
15-Dec-2000,5152,5243,5100,5124
16-Dec-2000,5109,5275,5064,5192
17-Dec-2000,5182,5347,5163,5270
18-Dec-2000,5274,5349,5233,5241
19-Dec-2000,5255,5340,5246,5278
20-Dec-2000,5259,5358,5246,5258
21-Dec-2000,5268,5328,5236,5318
22-Dec-2000,5304,5424,5228,5392
23-Dec-2000,5375,5415,5245,5277
24-Dec-2000,5293,5349,5237,5274
25-Dec-2000,5276,5322,5185,5306
26-Dec-2000,5322,5375,5192,5226
27-Dec-2000,5208,5267,5051,5145
28-Dec-2000,5134,5316,5065,5216
29-Dec-2000,5202,5233,5118,5135
30-Dec-2000,5131,5194,5080,5106
31-Dec-2000,5103,5171,4978,5021
1-Jan-2001,5004,5094,4831,4913
2-Jan-2001,4915,4988,4838,4941
3-Jan-2001,4949,5012,4932,4999
4-Jan-2001,5003,5005,4904,4981
5-Jan-2001,4975,5059,4950,4980
6-Jan-2001,4965,4994,4838,4890
7-Jan-2001,4870,4960,4808,4909
8-Jan-2001,4895,5087,4806,4988
9-Jan-2001,5000,5018,4949,4962
10-Jan-2001,4976,5051,4953,4976
11-Jan-2001,4981,5031,4826,4890
12-Jan-2001,4871,4875,4789,4835
13-Jan-2001,4832,4938,4758,4925
14-Jan-2001,4925,5111,4879,5023
15-Jan-2001,5019,5128,5014,5103
16-Jan-2001,5090,5167,4934,5000
17-Jan-2001,5000,5092,4956,5022
18-Jan-2001,5018,5107,4931,5077
19-Jan-2001,5073,5073,5026,5047
20-Jan-2001,5045,5212,4957,5142
21-Jan-2001,5138,5214,5031,5104
22-Jan-2001,5113,5193,5031,5130
23-Jan-2001,5132,5184,5055,5060
24-Jan-2001,5058,5090,4898,4977
25-Jan-2001,4970,4974,4877,4946
26-Jan-2001,4945,4956,4849,4926
27-Jan-2001,4935,5005,4917,4921
28-Jan-2001,4939,4994,4827,4922
29-Jan-2001,4928,4936,4823,4844
30-Jan-2001,4828,4929,4787,4892
31-Jan-2001,4886,4947,4846,4929
1-Feb-2001,4945,5010,4862,4985
2-Feb-2001,4972,5067,4831,4893
3-Feb-2001,4887,4962,4770,4795
4-Feb-2001,4775,4852,4757,4800
5-Feb-2001,4800,4851,4703,4823
6-Feb-2001,4826,4918,4761,4890
7-Feb-2001,4909,4968,4831,4933
8-Feb-2001,4948,4988,4769,4850
9-Feb-2001,4861,4916,4810,4869
10-Feb-2001,4853,4871,4694,4762
11-Feb-2001,4772,4865,4753,4806
12-Feb-2001,4825,4893,4739,4817
13-Feb-2001,4809,4857,4776,4815
14-Feb-2001,4834,4906,4687,4752
15-Feb-2001,4754,4833,4629,4717
16-Feb-2001,4721,4814,4711,4771
17-Feb-2001,4773,4879,4701,4873
18-Feb-2001,4888,5010,4851,4941
19-Feb-2001,4952,4993,4849,4925
20-Feb-2001,4922,5053,4842,4965
21-Feb-2001,4971,5045,4942,5008
22-Feb-2001,5010,5109,4946,5059
23-Feb-2001,5065,5094,4894,4967
24-Feb-2001,4969,5128,4964,5031
25-Feb-2001,5034,5055,4928,4947
26-Feb-2001,4928,4995,4774,4830
27-Feb-2001,4846,4960,4807,4884
28-Feb-2001,4904,5066,4819,4975
1-Mar-2001,4959,4994,4893,4938
2-Mar-2001,4932,5070,4871,4972
3-Mar-2001,4975,5046,4897,4979
4-Mar-2001,4992,5079,4851,4898
5-Mar-2001,4904,4922,4849,4879
6-Mar-2001,4894,4946,4785,4798
7-Mar-2001,4814,4816,4787,4811
8-Mar-2001,4791,4905,4778,4871
9-Mar-2001,4881,4910,4783,4854
10-Mar-2001,4851,4887,4755,4821
11-Mar-2001,4805,4990,4764,4897
12-Mar-2001,4915,4966,4807,4849
13-Mar-2001,4838,4900,4784,4788
14-Mar-2001,4772,4797,4721,4761
15-Mar-2001,4772,4904,4712,4817
16-Mar-2001,4805,4820,4729,4773
17-Mar-2001,4779,4939,4707,4872
18-Mar-2001,4872,4934,4795,4848
19-Mar-2001,4864,4888,4835,4885
20-Mar-2001,4894,4958,4841,4941
21-Mar-2001,4925,4971,4795,4869
22-Mar-2001,4859,4879,4687,4776
23-Mar-2001,4779,4842,4670,4723
24-Mar-2001,4704,4765,4624,4699
25-Mar-2001,4682,4755,4598,4660
26-Mar-2001,4648,4694,4544,4602
27-Mar-2001,4609,4669,4577,4655
28-Mar-2001,4651,4707,4640,4654
29-Mar-2001,4665,4823,4591,4727
30-Mar-2001,4747,4869,4713,4844
31-Mar-2001,4847,4920,4771,4797
1-Apr-2001,4792,4892,4771,4878
2-Apr-2001,4896,4916,4846,4848
3-Apr-2001,4842,5002,4834,4919
4-Apr-2001,4919,5005,4753,4821
5-Apr-2001,4811,4884,4695,4776
6-Apr-2001,4775,4863,4697,4796
7-Apr-2001,4816,4827,4776,4811
8-Apr-2001,4801,4898,4746,4859
9-Apr-2001,4867,5016,4814,4953
10-Apr-2001,4940,5000,4820,4862
11-Apr-2001,4880,4895,4739,4818
12-Apr-2001,4817,4938,4781,4862
13-Apr-2001,4859,4974,4842,4909
14-Apr-2001,4897,4952,4774,4848
15-Apr-2001,4862,4921,4778,4858
16-Apr-2001,4870,4956,4849,4907
17-Apr-2001,4927,4997,4825,4910
18-Apr-2001,4925,4984,4821,4846
19-Apr-2001,4861,4888,4817,4835
20-Apr-2001,4824,4899,4691,4768
21-Apr-2001,4782,4877,4760,4770
22-Apr-2001,4785,4863,4748,4750
23-Apr-2001,4736,4801,4608,4645
24-Apr-2001,4655,4663,4526,4623
25-Apr-2001,4622,4781,4571,4690
26-Apr-2001,4701,4825,4667,4778
27-Apr-2001,4765,4774,4709,4723
28-Apr-2001,4710,4713,4610,4707
29-Apr-2001,4708,4810,4673,4727
30-Apr-2001,4718,4811,4557,4634
1-May-2001,4654,4744,4652,4661
2-May-2001,4641,4721,4475,4573
3-May-2001,4579,4712,4489,4659
4-May-2001,4639,4686,4607,4684
5-May-2001,4691,4863,4614,4767
6-May-2001,4753,4793,4704,4740
7-May-2001,4722,4808,4584,4631
8-May-2001,4624,4745,4580,4701
9-May-2001,4689,4781,4658,4699
10-May-2001,4697,4703,4524,4610
11-May-2001,4613,4702,4533,4622
12-May-2001,4608,4716,4581,4704
13-May-2001,4720,4773,4640,4679
14-May-2001,4662,4694,4565,4569
15-May-2001,4556,4625,4500,4540
16-May-2001,4549,4658,4464,4582
17-May-2001,4573,4619,4433,4503
18-May-2001,4523,4656,4522,4575
19-May-2001,4566,4727,4564,4657
20-May-2001,4642,4821,4637,4734
21-May-2001,4745,4813,4568,4656
22-May-2001,4667,4788,4584,4758
23-May-2001,4772,4863,4692,4812
24-May-2001,4824,4886,4746,4797
25-May-2001,4808,4875,4629,4726
26-May-2001,4713,4809,4666,4733
27-May-2001,4745,4870,4726,4797
28-May-2001,4785,4879,4664,4709
29-May-2001,4708,4840,4624,4749
30-May-2001,4768,4847,4672,4738
31-May-2001,4754,4800,4727,4785
1-Jun-2001,4777,4819,4684,4764
2-Jun-2001,4758,4849,4702,4795
3-Jun-2001,4801,4856,4726,4805
4-Jun-2001,4822,4916,4698,4758
5-Jun-2001,4772,4870,4666,4731
6-Jun-2001,4743,4806,4646,4679
7-Jun-2001,4697,4776,4648,4723
8-Jun-2001,4740,4816,4702,4756
9-Jun-2001,4772,4774,4742,4754
10-Jun-2001,4751,4799,4608,4653
11-Jun-2001,4666,4699,4614,4670
12-Jun-2001,4680,4717,4598,4627
13-Jun-2001,4608,4741,4534,4675
14-Jun-2001,4692,4822,4653,4730
15-Jun-2001,4721,4742,4621,4729
16-Jun-2001,4731,4765,4661,4703
17-Jun-2001,4719,4817,4677,4803
18-Jun-2001,4791,4801,4665,4696
19-Jun-2001,4699,4830,4646,4780
20-Jun-2001,4795,4808,4795,4808
21-Jun-2001,4810,4906,4721,4766
22-Jun-2001,4772,4831,4725,4806
23-Jun-2001,4810,4892,4715,4715
24-Jun-2001,4711,4757,4682,4721
25-Jun-2001,4739,4822,4699,4711
26-Jun-2001,4712,4727,4668,4679
27-Jun-2001,4664,4750,4510,4608
28-Jun-2001,4589,4617,4442,4534
29-Jun-2001,4532,4613,4353,4440
30-Jun-2001,4456,4469,4364,4386
1-Jul-2001,4385,4420,4342,4359
2-Jul-2001,4364,4440,4267,4317
3-Jul-2001,4314,4405,4236,4352
4-Jul-2001,4341,4401,4262,4347
5-Jul-2001,4361,4423,4294,4355
6-Jul-2001,4365,4367,4269,4346
7-Jul-2001,4360,4381,4247,4345
8-Jul-2001,4360,4379,4305,4323
9-Jul-2001,4319,4381,4306,4360
10-Jul-2001,4340,4421,4259,4275
11-Jul-2001,4261,4329,4257,4258
12-Jul-2001,4274,4399,4213,4327
13-Jul-2001,4334,4453,4269,4428
14-Jul-2001,4437,4520,4384,4495
15-Jul-2001,4490,4542,4422,4477
16-Jul-2001,4469,4518,4395,4430
17-Jul-2001,4422,4534,4399,4481
18-Jul-2001,4476,4514,4457,4495
19-Jul-2001,4503,4516,4454,4483
20-Jul-2001,4497,4556,4469,4498
21-Jul-2001,4494,4539,4358,4405
22-Jul-2001,4385,4429,4353,4398
23-Jul-2001,4394,4499,4298,4467
24-Jul-2001,4487,4548,4402,4543
25-Jul-2001,4532,4590,4427,4486
26-Jul-2001,4499,4587,4427,4568
27-Jul-2001,4584,4688,4486,4610
28-Jul-2001,4607,4746,4563,4648
29-Jul-2001,4641,4677,4599,4642
30-Jul-2001,4657,4678,4562,4667
31-Jul-2001,4680,4767,4631,4655
1-Aug-2001,4658,4740,4643,4723
2-Aug-2001,4708,4813,4703,4749
3-Aug-2001,4734,4779,4653,4679
4-Aug-2001,4682,4797,4631,4761
5-Aug-2001,4744,4807,4694,4726
6-Aug-2001,4742,4826,4698,4716
7-Aug-2001,4734,4765,4643,4644
8-Aug-2001,4647,4717,4560,4587
9-Aug-2001,4575,4579,4462,4542
10-Aug-2001,4558,4564,4469,4560
11-Aug-2001,4550,4605,4367,4455
12-Aug-2001,4454,4549,4265,4354
13-Aug-2001,4347,4418,4346,4406
14-Aug-2001,4414,4593,4342,4501
15-Aug-2001,4481,4632,4466,4536
16-Aug-2001,4525,4558,4394,4492
17-Aug-2001,4486,4523,4350,4427
18-Aug-2001,4416,4492,4393,4420
19-Aug-2001,4404,4412,4336,4406
20-Aug-2001,4411,4487,4333,4402
21-Aug-2001,4413,4505,4293,4368
22-Aug-2001,4372,4457,4260,4305
23-Aug-2001,4302,4354,4131,4202
24-Aug-2001,4186,4240,4122,4172
25-Aug-2001,4188,4376,4172,4287
26-Aug-2001,4289,4317,4176,4203
27-Aug-2001,4215,4232,4128,4181
28-Aug-2001,4189,4217,4035,4128
29-Aug-2001,4111,4181,3943,4024
30-Aug-2001,4020,4117,3906,3941
31-Aug-2001,3928,3991,3833,3877
1-Sep-2001,3857,3900,3709,3778
2-Sep-2001,3795,3837,3669,3728
3-Sep-2001,3712,3809,3613,3723
4-Sep-2001,3706,3781,3660,3724
5-Sep-2001,3739,3764,3693,3708
6-Sep-2001,3710,3827,3700,3744
7-Sep-2001,3758,3823,3744,3805
8-Sep-2001,3823,3825,3639,3729
9-Sep-2001,3748,3814,3697,3780
10-Sep-2001,3795,3856,3689,3771
11-Sep-2001,3775,3877,3701,3863
12-Sep-2001,3877,3976,3868,3968
13-Sep-2001,3983,4064,3939,3995
14-Sep-2001,3986,4069,3810,3887
15-Sep-2001,3907,3907,3795,3860
16-Sep-2001,3866,3890,3747,3810
17-Sep-2001,3817,3855,3641,3723
18-Sep-2001,3723,3752,3668,3727
19-Sep-2001,3709,3729,3598,3614
20-Sep-2001,3618,3693,3558,3589
21-Sep-2001,3571,3608,3532,3554
22-Sep-2001,3561,3608,3374,3468
23-Sep-2001,3451,3605,3446,3532
24-Sep-2001,3530,3540,3483,3540
25-Sep-2001,3535,3685,3528,3624
26-Sep-2001,3624,3737,3616,3706
27-Sep-2001,3708,3842,3617,3801
28-Sep-2001,3816,3932,3754,3864
29-Sep-2001,3861,3936,3826,3849
30-Sep-2001,3833,3894,3761,3867
1-Oct-2001,3863,3903,3700,3785
2-Oct-2001,3797,3989,3788,3896
3-Oct-2001,3907,3984,3865,3964
4-Oct-2001,3958,4041,3919,3994
5-Oct-2001,4010,4082,3909,3974
6-Oct-2001,3972,4154,3946,4065
7-Oct-2001,4072,4087,4005,4019
8-Oct-2001,4028,4064,3929,3984
9-Oct-2001,3996,4004,3929,3984
10-Oct-2001,3987,4072,3946,3970
11-Oct-2001,3983,4102,3978,4055
12-Oct-2001,4053,4127,3984,4003
13-Oct-2001,3998,4117,3944,4050
14-Oct-2001,4039,4098,3924,3999
15-Oct-2001,3992,4107,3898,4085
16-Oct-2001,4069,4133,3960,4028
17-Oct-2001,4024,4124,3975,4078
18-Oct-2001,4093,4118,3946,4015
19-Oct-2001,4013,4118,3954,4095
20-Oct-2001,4104,4145,4028,4142
21-Oct-2001,4128,4276,4098,4191
22-Oct-2001,4194,4280,4159,4244
23-Oct-2001,4225,4252,4143,4192
24-Oct-2001,4197,4279,4097,4142
25-Oct-2001,4124,4199,4084,4137
26-Oct-2001,4144,4312,4068,4223
27-Oct-2001,4223,4267,4100,4166
28-Oct-2001,4159,4198,4046,4135
29-Oct-2001,4153,4155,4074,4100
30-Oct-2001,4119,4282,4103,4197
31-Oct-2001,4208,4242,4153,4220
1-Nov-2001,4209,4234,4072,4121
2-Nov-2001,4140,4259,4061,4164
3-Nov-2001,4149,4207,4002,4051
4-Nov-2001,4061,4096,3964,4082
5-Nov-2001,4092,4155,4077,4135
6-Nov-2001,4148,4189,4085,4091
7-Nov-2001,4106,4223,4020,4171
8-Nov-2001,4157,4317,4155,4239
9-Nov-2001,4250,4338,4135,4218
10-Nov-2001,4214,4279,4145,4165
11-Nov-2001,4153,4288,4141,4195
12-Nov-2001,4195,4257,4111,4169
13-Nov-2001,4160,4258,4090,4240
14-Nov-2001,4221,4254,4221,4242
15-Nov-2001,4229,4242,4119,4190
16-Nov-2001,4186,4219,4119,4178
17-Nov-2001,4182,4291,4168,4266
18-Nov-2001,4265,4387,4235,4340
19-Nov-2001,4337,4343,4248,4264
20-Nov-2001,4275,4298,4261,4288
21-Nov-2001,4288,4401,4220,4333
22-Nov-2001,4345,4393,4291,4299
23-Nov-2001,4283,4407,4185,4348
24-Nov-2001,4360,4502,4302,4443
25-Nov-2001,4450,4542,4290,4368
26-Nov-2001,4357,4455,4268,4294
27-Nov-2001,4310,4314,4224,4310
28-Nov-2001,4322,4359,4194,4278
29-Nov-2001,4278,4375,4121,4209
30-Nov-2001,4201,4379,4187,4292
1-Dec-2001,4295,4349,4185,4277
2-Dec-2001,4264,4301,4104,4201
3-Dec-2001,4200,4233,4095,4163
4-Dec-2001,4165,4245,4120,4154
5-Dec-2001,4174,4181,4095,4179
6-Dec-2001,4179,4223,4084,4084
7-Dec-2001,4072,4086,4034,4053
8-Dec-2001,4052,4185,3982,4102
9-Dec-2001,4119,4162,4036,4110
10-Dec-2001,4109,4123,4028,4028
11-Dec-2001,4016,4163,3939,4099
12-Dec-2001,4080,4101,3987,4079
13-Dec-2001,4085,4155,3996,4136
14-Dec-2001,4122,4219,4086,4088
15-Dec-2001,4079,4164,4039,4123
16-Dec-2001,4105,4195,4098,4135
17-Dec-2001,4151,4261,4051,4199
18-Dec-2001,4212,4293,4166,4291
19-Dec-2001,4311,4356,4185,4215
20-Dec-2001,4200,4383,4194,4292
21-Dec-2001,4284,4363,4161,4261
22-Dec-2001,4271,4295,4151,4188
23-Dec-2001,4184,4300,4104,4284
24-Dec-2001,4302,4367,4215,4282
25-Dec-2001,4273,4411,4204,4361
26-Dec-2001,4349,4452,4321,4367
27-Dec-2001,4375,4412,4294,4332
28-Dec-2001,4312,4322,4214,4263
29-Dec-2001,4268,4268,4214,4258
30-Dec-2001,4251,4349,4124,4215
31-Dec-2001,4229,4305,4150,4303
1-Jan-2002,4301,4393,4164,4204
2-Jan-2002,4206,4265,4206,4238
3-Jan-2002,4225,4312,4152,4184
4-Jan-2002,4172,4252,4076,4100
5-Jan-2002,4094,4168,4003,4154
6-Jan-2002,4169,4213,4114,4163
7-Jan-2002,4162,4180,4077,4166
8-Jan-2002,4148,4269,4074,4219
9-Jan-2002,4202,4226,4171,4202
10-Jan-2002,4202,4278,4143,4255
11-Jan-2002,4238,4357,4173,4331
12-Jan-2002,4334,4497,4272,4413
13-Jan-2002,4402,4489,4333,4485
14-Jan-2002,4465,4467,4374,4431
15-Jan-2002,4430,4495,4382,4484
16-Jan-2002,4494,4595,4479,4524
17-Jan-2002,4511,4649,4446,4579
18-Jan-2002,4559,4636,4469,4547
19-Jan-2002,4556,4594,4391,4479
20-Jan-2002,4472,4505,4387,4484
21-Jan-2002,4479,4614,4413,4565
22-Jan-2002,4547,4592,4437,4529
23-Jan-2002,4526,4613,4480,4569
24-Jan-2002,4584,4637,4442,4490
25-Jan-2002,4482,4618,4471,4530
26-Jan-2002,4520,4584,4457,4549
27-Jan-2002,4546,4650,4478,4630
28-Jan-2002,4623,4770,4558,4716
29-Jan-2002,4713,4742,4627,4709
30-Jan-2002,4712,4731,4575,4636
31-Jan-2002,4616,4732,4557,4644
1-Feb-2002,4653,4717,4650,4687
2-Feb-2002,4698,4772,4666,4666
3-Feb-2002,4658,4744,4645,4692
4-Feb-2002,4710,4802,4688,4790
5-Feb-2002,4786,4797,4655,4703
6-Feb-2002,4688,4689,4586,4680
7-Feb-2002,4693,4813,4602,4725
8-Feb-2002,4719,4727,4646,4691
9-Feb-2002,4684,4762,4536,4614
10-Feb-2002,4617,4760,4541,4704
11-Feb-2002,4697,4740,4629,4711
12-Feb-2002,4719,4806,4628,4801
13-Feb-2002,4817,4939,4756,4868
14-Feb-2002,4871,4965,4722,4799
15-Feb-2002,4779,4785,4622,4714
16-Feb-2002,4719,4738,4669,4669
17-Feb-2002,4663,4818,4592,4741
18-Feb-2002,4738,4812,4697,4714
19-Feb-2002,4715,4768,4679,4682
20-Feb-2002,4667,4670,4540,4571
21-Feb-2002,4559,4583,4469,4491
22-Feb-2002,4496,4546,4398,4401
23-Feb-2002,4404,4408,4294,4372
24-Feb-2002,4352,4488,4260,4436
25-Feb-2002,4442,4459,4357,4409
26-Feb-2002,4395,4587,4359,4495
27-Feb-2002,4505,4585,4388,4405
28-Feb-2002,4389,4395,4244,4339
1-Mar-2002,4344,4407,4254,4354
2-Mar-2002,4369,4378,4272,4347
3-Mar-2002,4341,4506,4296,4429
4-Mar-2002,4420,4592,4324,4510
5-Mar-2002,4520,4552,4443,4458
6-Mar-2002,4473,4606,4453,4516
7-Mar-2002,4519,4553,4439,4496
8-Mar-2002,4511,4543,4403,4493
9-Mar-2002,4475,4603,4426,4546
10-Mar-2002,4565,4628,4500,4551
11-Mar-2002,4544,4650,4511,4563
12-Mar-2002,4560,4570,4417,4478
13-Mar-2002,4487,4658,4440,4582
14-Mar-2002,4592,4717,4527,4662
15-Mar-2002,4667,4714,4662,4704
16-Mar-2002,4714,4714,4593,4658
17-Mar-2002,4665,4699,4581,4620
18-Mar-2002,4623,4723,4513,4537
19-Mar-2002,4545,4571,4485,4523
20-Mar-2002,4543,4596,4389,4462
21-Mar-2002,4468,4566,4413,4501
22-Mar-2002,4506,4612,4440,4537
23-Mar-2002,4530,4611,4448,4523
24-Mar-2002,4514,4595,4379,4433
25-Mar-2002,4444,4533,4351,4391
26-Mar-2002,4381,4449,4319,4357
27-Mar-2002,4346,4482,4306,4443
28-Mar-2002,4428,4526,4342,4369
29-Mar-2002,4371,4482,4323,4432
30-Mar-2002,4420,4557,4387,4501
31-Mar-2002,4481,4616,4384,4576
1-Apr-2002,4561,4613,4432,4494
2-Apr-2002,4497,4502,4394,4431
3-Apr-2002,4445,4554,4391,4525
4-Apr-2002,4544,4654,4444,4555
5-Apr-2002,4540,4616,4383,4465
6-Apr-2002,4455,4462,4366,4456
7-Apr-2002,4439,4461,4385,4393
8-Apr-2002,4400,4482,4292,4366
9-Apr-2002,4386,4452,4353,4428
10-Apr-2002,4442,4487,4413,4433
11-Apr-2002,4432,4457,4409,4434
12-Apr-2002,4431,4492,4401,4475
13-Apr-2002,4467,4488,4363,4378
14-Apr-2002,4360,4463,4273,4456
15-Apr-2002,4466,4558,4359,4455
16-Apr-2002,4437,4509,4261,4343
17-Apr-2002,4337,4371,4204,4284
18-Apr-2002,4278,4472,4215,4372
19-Apr-2002,4366,4548,4353,4462
20-Apr-2002,4481,4520,4400,4482
21-Apr-2002,4496,4500,4441,4486
22-Apr-2002,4489,4549,4466,4537
23-Apr-2002,4532,4607,4487,4539
24-Apr-2002,4534,4547,4432,4489
25-Apr-2002,4503,4608,4410,4575
26-Apr-2002,4560,4653,4452,4484
27-Apr-2002,4495,4535,4370,4440
28-Apr-2002,4423,4453,4397,4423
29-Apr-2002,4430,4454,4348,4350
30-Apr-2002,4358,4396,4267,4390
1-May-2002,4400,4504,4373,4453
2-May-2002,4434,4475,4347,4461
3-May-2002,4463,4501,4440,4471
4-May-2002,4485,4551,4452,4504
5-May-2002,4508,4604,4495,4540
6-May-2002,4521,4625,4492,4620
7-May-2002,4610,4681,4445,4514
8-May-2002,4531,4606,4443,4562
9-May-2002,4569,4640,4464,4489
10-May-2002,4492,4557,4449,4468
11-May-2002,4448,4567,4428,4482
12-May-2002,4468,4541,4428,4536
13-May-2002,4527,4616,4340,4437
14-May-2002,4456,4525,4364,4459
15-May-2002,4469,4534,4391,4401
16-May-2002,4404,4489,4400,4460
17-May-2002,4467,4568,4456,4497
18-May-2002,4492,4540,4453,4511
19-May-2002,4511,4580,4468,4495
20-May-2002,4476,4548,4404,4425
21-May-2002,4409,4502,4319,4329
22-May-2002,4339,4384,4244,4364
23-May-2002,4348,4393,4269,4366
24-May-2002,4377,4409,4356,4408
25-May-2002,4415,4421,4292,4318
26-May-2002,4334,4505,4292,4418
27-May-2002,4433,4553,4376,4516
28-May-2002,4517,4625,4451,4572
29-May-2002,4589,4704,4584,4638
30-May-2002,4618,4768,4523,4690
31-May-2002,4690,4845,4618,4773
1-Jun-2002,4764,4846,4716,4746
2-Jun-2002,4730,4767,4590,4670
3-Jun-2002,4659,4742,4564,4701
4-Jun-2002,4707,4771,4646,4766
5-Jun-2002,4757,4904,4696,4830
6-Jun-2002,4810,4874,4727,4868
7-Jun-2002,4874,4944,4774,4817
8-Jun-2002,4806,5000,4792,4900
9-Jun-2002,4899,4972,4855,4951
10-Jun-2002,4959,5059,4869,4940
11-Jun-2002,4931,4997,4816,4835
12-Jun-2002,4822,4902,4808,4880
13-Jun-2002,4882,4955,4832,4953
14-Jun-2002,4951,5008,4811,4881
15-Jun-2002,4871,5031,4783,4943
16-Jun-2002,4949,4977,4899,4945
17-Jun-2002,4925,5081,4890,5018
18-Jun-2002,5020,5083,4993,5019
19-Jun-2002,5004,5034,4962,5028
20-Jun-2002,5017,5161,4983,5061
21-Jun-2002,5051,5124,4972,5080
22-Jun-2002,5081,5191,4983,5116
23-Jun-2002,5115,5197,5080,5109
24-Jun-2002,5114,5212,5064,5065
25-Jun-2002,5074,5148,5072,5145
26-Jun-2002,5134,5216,5069,5147
27-Jun-2002,5155,5217,5038,5109
28-Jun-2002,5125,5193,5009,5101
29-Jun-2002,5117,5204,5056,5166
30-Jun-2002,5170,5228,5161,5197
1-Jul-2002,5211,5279,5168,5186
2-Jul-2002,5172,5253,5101,5195
3-Jul-2002,5177,5197,5051,5130
4-Jul-2002,5125,5187,5098,5174
5-Jul-2002,5159,5297,5128,5197
6-Jul-2002,5180,5218,5092,5172
7-Jul-2002,5155,5239,5092,5230
8-Jul-2002,5233,5295,5099,5194
9-Jul-2002,5203,5248,5160,5176
10-Jul-2002,5192,5269,5128,5167
11-Jul-2002,5179,5262,5173,5233
12-Jul-2002,5249,5352,5248,5301
13-Jul-2002,5285,5350,5099,5199
14-Jul-2002,5186,5243,5046,5096
15-Jul-2002,5081,5200,5065,5125
16-Jul-2002,5116,5122,5024,5111
17-Jul-2002,5101,5202,5100,5105
18-Jul-2002,5122,5219,5060,5141
19-Jul-2002,5161,5280,5160,5237
20-Jul-2002,5217,5383,5126,5291
21-Jul-2002,5287,5384,5217,5255
22-Jul-2002,5250,5335,5234,5236
23-Jul-2002,5253,5328,5139,5221
24-Jul-2002,5236,5364,5233,5314
25-Jul-2002,5306,5370,5248,5359
26-Jul-2002,5369,5554,5341,5461
27-Jul-2002,5478,5557,5340,5412
28-Jul-2002,5423,5489,5414,5468
29-Jul-2002,5486,5520,5358,5407
30-Jul-2002,5426,5518,5413,5487
31-Jul-2002,5499,5524,5431,5506
1-Aug-2002,5507,5517,5428,5455
2-Aug-2002,5470,5632,5455,5532
3-Aug-2002,5527,5609,5483,5526
4-Aug-2002,5508,5526,5371,5450
5-Aug-2002,5447,5504,5410,5419
6-Aug-2002,5407,5409,5224,5314
7-Aug-2002,5301,5411,5262,5376
8-Aug-2002,5376,5464,5313,5412
9-Aug-2002,5400,5451,5341,5444
10-Aug-2002,5440,5541,5432,5506
11-Aug-2002,5501,5594,5430,5580
12-Aug-2002,5578,5699,5536,5675
13-Aug-2002,5656,5788,5595,5703
14-Aug-2002,5702,5832,5641,5741
15-Aug-2002,5757,5813,5658,5704
16-Aug-2002,5687,5744,5542,5616
17-Aug-2002,5630,5672,5564,5584
18-Aug-2002,5590,5620,5483,5499
19-Aug-2002,5500,5585,5415,5528
20-Aug-2002,5510,5613,5415,5537
21-Aug-2002,5521,5625,5519,5531
22-Aug-2002,5514,5540,5437,5466
23-Aug-2002,5481,5586,5413,5579
24-Aug-2002,5594,5632,5510,5619
25-Aug-2002,5629,5720,5552,5689
26-Aug-2002,5686,5842,5599,5786
27-Aug-2002,5777,5953,5738,5874
28-Aug-2002,5880,5932,5799,5871
29-Aug-2002,5877,5957,5784,5902
30-Aug-2002,5910,5948,5747,5844
31-Aug-2002,5853,5953,5760,5783
1-Sep-2002,5785,5887,5736,5819
2-Sep-2002,5810,5926,5716,5858
3-Sep-2002,5848,5870,5782,5802
4-Sep-2002,5819,5914,5745,5821
5-Sep-2002,5821,5945,5772,5907
6-Sep-2002,5923,5963,5892,5924
7-Sep-2002,5925,5979,5780,5843
8-Sep-2002,5836,5931,5783,5783
9-Sep-2002,5792,5801,5677,5742
10-Sep-2002,5755,5853,5683,5798
11-Sep-2002,5788,5861,5752,5752
12-Sep-2002,5747,5873,5711,5832
13-Sep-2002,5838,5941,5809,5857
14-Sep-2002,5861,5902,5740,5786
15-Sep-2002,5775,5829,5716,5791
16-Sep-2002,5806,5881,5722,5725
17-Sep-2002,5710,5798,5664,5700
18-Sep-2002,5682,5794,5649,5769
19-Sep-2002,5769,5807,5703,5762
20-Sep-2002,5758,5855,5713,5773
21-Sep-2002,5776,5836,5751,5792
22-Sep-2002,5776,5897,5685,5847
23-Sep-2002,5845,5845,5784,5800
24-Sep-2002,5808,5859,5759,5837
25-Sep-2002,5852,5946,5683,5778
26-Sep-2002,5774,5865,5694,5737
27-Sep-2002,5723,5858,5723,5776
28-Sep-2002,5769,5890,5669,5842
29-Sep-2002,5846,5897,5780,5881
30-Sep-2002,5875,6042,5858,5945
1-Oct-2002,5931,6026,5901,5942
2-Oct-2002,5943,6100,5928,6032
3-Oct-2002,6019,6041,5928,5985
4-Oct-2002,5993,6134,5959,6037
5-Oct-2002,6055,6123,5950,6046
6-Oct-2002,6028,6096,5939,6024
7-Oct-2002,6010,6059,5964,5989
8-Oct-2002,5970,6098,5969,6049
9-Oct-2002,6062,6094,6034,6039
10-Oct-2002,6038,6124,5994,6037
11-Oct-2002,6035,6097,5910,5953
12-Oct-2002,5936,5993,5892,5925
13-Oct-2002,5924,6040,5877,6011
14-Oct-2002,6001,6123,5950,6096
15-Oct-2002,6091,6130,6079,6098
16-Oct-2002,6104,6287,6043,6200
17-Oct-2002,6194,6211,6085,6113
18-Oct-2002,6112,6227,6013,6141
19-Oct-2002,6152,6222,6009,6092
20-Oct-2002,6089,6176,6007,6126
21-Oct-2002,6141,6162,6040,6095
22-Oct-2002,6097,6118,6092,6118
23-Oct-2002,6133,6206,6078,6196
24-Oct-2002,6205,6213,6127,6157
25-Oct-2002,6151,6209,5989,6069
26-Oct-2002,6077,6141,5983,6134
27-Oct-2002,6131,6205,6042,6112
28-Oct-2002,6097,6152,6023,6098
29-Oct-2002,6091,6193,6067,6098
30-Oct-2002,6087,6194,6070,6154
31-Oct-2002,6158,6256,6149,6217
1-Nov-2002,6212,6222,6091,6124
2-Nov-2002,6142,6148,6009,6067
3-Nov-2002,6058,6153,5953,6024
4-Nov-2002,6005,6018,5984,6012
5-Nov-2002,6026,6123,5945,6051
6-Nov-2002,6053,6151,5952,6005
7-Nov-2002,6025,6047,5924,5931
8-Nov-2002,5932,6050,5866,6022
9-Nov-2002,6010,6146,5985,6088
10-Nov-2002,6100,6236,6026,6186
11-Nov-2002,6201,6226,6103,6146
12-Nov-2002,6163,6207,6022,6077
13-Nov-2002,6080,6194,5984,6139
14-Nov-2002,6145,6286,6145,6189
15-Nov-2002,6192,6326,6166,6266
16-Nov-2002,6253,6329,6137,6235
17-Nov-2002,6244,6337,6094,6164
18-Nov-2002,6146,6211,6127,6155
19-Nov-2002,6149,6200,6024,6096
20-Nov-2002,6100,6116,5937,6028
21-Nov-2002,6030,6062,5961,5972
22-Nov-2002,5983,6058,5957,5992
23-Nov-2002,5998,6130,5967,6049
24-Nov-2002,6045,6218,5994,6142
25-Nov-2002,6124,6207,6020,6073
26-Nov-2002,6054,6078,5924,5980
27-Nov-2002,5978,6035,5866,5886
28-Nov-2002,5896,5967,5851,5917
29-Nov-2002,5914,5995,5893,5966
30-Nov-2002,5948,6046,5804,5852
1-Dec-2002,5864,5921,5666,5764
2-Dec-2002,5747,5785,5744,5770
3-Dec-2002,5768,5942,5761,5849
4-Dec-2002,5834,5873,5760,5777
5-Dec-2002,5768,5832,5620,5703
6-Dec-2002,5711,5768,5648,5768
7-Dec-2002,5766,5769,5623,5696
8-Dec-2002,5683,5785,5633,5706
9-Dec-2002,5696,5869,5606,5796
10-Dec-2002,5798,5908,5762,5888
11-Dec-2002,5901,5942,5857,5891
12-Dec-2002,5905,5987,5807,5900
13-Dec-2002,5918,5973,5835,5861
14-Dec-2002,5845,5931,5768,5775
15-Dec-2002,5755,5842,5712,5825
16-Dec-2002,5836,5978,5767,5924
17-Dec-2002,5940,5955,5908,5955
18-Dec-2002,5959,6096,5914,6026
19-Dec-2002,6043,6044,5896,5983
20-Dec-2002,5990,6077,5823,5904
21-Dec-2002,5921,5988,5911,5962
22-Dec-2002,5943,6024,5929,5952
23-Dec-2002,5942,5979,5798,5855
24-Dec-2002,5866,5878,5777,5865
25-Dec-2002,5882,5941,5790,5907
26-Dec-2002,5896,6042,5840,5942
27-Dec-2002,5938,6015,5893,5986
28-Dec-2002,5994,6076,5993,6064
29-Dec-2002,6084,6136,5996,6006
30-Dec-2002,6007,6061,5941,6047
31-Dec-2002,6064,6127,5957,5978
1-Jan-2003,5980,6078,5894,5894
2-Jan-2003,5880,5933,5708,5781
3-Jan-2003,5765,5811,5761,5800
4-Jan-2003,5783,5845,5744,5746
5-Jan-2003,5734,5749,5729,5740
6-Jan-2003,5723,5842,5624,5752
7-Jan-2003,5763,5871,5742,5840
8-Jan-2003,5853,5885,5704,5783
9-Jan-2003,5787,5904,5785,5843
10-Jan-2003,5839,5970,5758,5871
11-Jan-2003,5864,6008,5764,5922
12-Jan-2003,5904,6009,5832,5991
13-Jan-2003,5979,6073,5902,5968
14-Jan-2003,5983,5984,5816,5915
15-Jan-2003,5904,5957,5818,5857
16-Jan-2003,5872,5948,5784,5819
17-Jan-2003,5825,5942,5792,5917
18-Jan-2003,5916,5939,5845,5907
19-Jan-2003,5909,5990,5831,5981
20-Jan-2003,5972,5974,5884,5944
21-Jan-2003,5930,6031,5888,6025
22-Jan-2003,6035,6092,5971,6058
23-Jan-2003,6069,6194,6050,6118
24-Jan-2003,6113,6209,6019,6104
25-Jan-2003,6099,6195,5973,6067
26-Jan-2003,6071,6230,6011,6142
27-Jan-2003,6150,6242,6096,6238
28-Jan-2003,6220,6272,6120,6167
29-Jan-2003,6155,6188,5986,6060
30-Jan-2003,6043,6083,6004,6075
31-Jan-2003,6075,6165,6057,6086
1-Feb-2003,6087,6149,6044,6056
2-Feb-2003,6054,6148,5931,5995
3-Feb-2003,6014,6119,5947,6069
4-Feb-2003,6067,6109,6042,6045
5-Feb-2003,6033,6081,5975,6010
6-Feb-2003,5994,6075,5860,5898
7-Feb-2003,5903,5966,5805,5934
8-Feb-2003,5930,6016,5902,5951
9-Feb-2003,5941,5986,5848,5892
10-Feb-2003,5911,5986,5784,5873
11-Feb-2003,5865,5943,5805,5939
12-Feb-2003,5923,5925,5823,5886
13-Feb-2003,5876,5938,5809,5935
14-Feb-2003,5945,5981,5820,5869
15-Feb-2003,5852,5919,5727,5806
16-Feb-2003,5794,5815,5685,5728
17-Feb-2003,5732,5821,5662,5674
18-Feb-2003,5682,5738,5637,5641
19-Feb-2003,5623,5709,5599,5630
20-Feb-2003,5615,5708,5581,5678
21-Feb-2003,5677,5720,5588,5671
22-Feb-2003,5687,5719,5624,5696
23-Feb-2003,5677,5763,5660,5682
24-Feb-2003,5696,5804,5601,5767
25-Feb-2003,5783,5786,5638,5687
26-Feb-2003,5672,5767,5563,5580
27-Feb-2003,5570,5639,5469,5499
28-Feb-2003,5518,5617,5425,5443
1-Mar-2003,5461,5524,5430,5503
2-Mar-2003,5518,5538,5396,5445
3-Mar-2003,5431,5542,5335,5528
4-Mar-2003,5537,5643,5444,5594
5-Mar-2003,5589,5634,5489,5498
6-Mar-2003,5517,5635,5508,5597
7-Mar-2003,5582,5590,5532,5568
8-Mar-2003,5584,5590,5485,5559
9-Mar-2003,5548,5703,5499,5609
10-Mar-2003,5628,5657,5539,5588
11-Mar-2003,5578,5705,5493,5672
12-Mar-2003,5685,5700,5509,5586
13-Mar-2003,5592,5743,5496,5652
14-Mar-2003,5671,5770,5524,5573
15-Mar-2003,5589,5669,5442,5513
16-Mar-2003,5497,5501,5433,5473
17-Mar-2003,5488,5618,5397,5577
18-Mar-2003,5558,5576,5431,5523
19-Mar-2003,5536,5619,5485,5506
20-Mar-2003,5522,5561,5363,5434
21-Mar-2003,5449,5462,5329,5390
22-Mar-2003,5382,5482,5251,5300
23-Mar-2003,5310,5425,5287,5336
24-Mar-2003,5320,5416,5296,5406
25-Mar-2003,5421,5500,5348,5475
26-Mar-2003,5474,5480,5324,5384
27-Mar-2003,5396,5522,5374,5466
28-Mar-2003,5468,5559,5463,5527
29-Mar-2003,5517,5589,5367,5421
30-Mar-2003,5415,5448,5406,5421
31-Mar-2003,5435,5497,5343,5406
1-Apr-2003,5400,5409,5284,5315
2-Apr-2003,5320,5323,5140,5229
3-Apr-2003,5210,5282,5206,5229
4-Apr-2003,5232,5345,5230,5295
5-Apr-2003,5299,5417,5230,5325
6-Apr-2003,5339,5352,5205,5301
7-Apr-2003,5320,5403,5245,5376
8-Apr-2003,5381,5432,5340,5391
9-Apr-2003,5408,5426,5266,5346
10-Apr-2003,5334,5408,5306,5405
11-Apr-2003,5401,5516,5349,5470
12-Apr-2003,5487,5667,5435,5567
13-Apr-2003,5549,5591,5394,5482
14-Apr-2003,5470,5526,5418,5506
15-Apr-2003,5510,5540,5413,5448
16-Apr-2003,5451,5553,5380,5500
17-Apr-2003,5506,5530,5504,5526
18-Apr-2003,5524,5570,5481,5505
19-Apr-2003,5508,5561,5449,5466
20-Apr-2003,5451,5600,5415,5515
21-Apr-2003,5526,5647,5461,5584
22-Apr-2003,5585,5678,5487,5577
23-Apr-2003,5570,5608,5522,5549
24-Apr-2003,5565,5642,5441,5466
25-Apr-2003,5479,5541,5365,5462
26-Apr-2003,5470,5488,5398,5439
27-Apr-2003,5424,5457,5282,5362
28-Apr-2003,5382,5476,5335,5358
29-Apr-2003,5366,5402,5268,5314
30-Apr-2003,5319,5444,5254,5408
1-May-2003,5390,5435,5283,5322
2-May-2003,5320,5380,5208,5243
3-May-2003,5235,5255,5200,5253
4-May-2003,5244,5345,5229,5272
5-May-2003,5254,5301,5191,5298
6-May-2003,5294,5332,5168,5263
7-May-2003,5276,5354,5241,5275
8-May-2003,5258,5354,5094,5187
9-May-2003,5174,5341,5089,5264
10-May-2003,5251,5336,5215,5323
11-May-2003,5339,5467,5269,5373
12-May-2003,5384,5473,5318,5368
13-May-2003,5371,5461,5340,5375
14-May-2003,5393,5467,5291,5343
15-May-2003,5331,5377,5259,5315
16-May-2003,5315,5385,5258,5318
17-May-2003,5330,5342,5169,5254
18-May-2003,5272,5350,5181,5286
19-May-2003,5287,5417,5268,5346
20-May-2003,5341,5402,5252,5335
21-May-2003,5349,5447,5215,5252
22-May-2003,5232,5265,5093,5140
23-May-2003,5130,5185,5044,5117
24-May-2003,5109,5174,5079,5164
25-May-2003,5156,5168,5030,5060
26-May-2003,5054,5234,5013,5134
27-May-2003,5130,5243,5103,5185
28-May-2003,5173,5205,5162,5177
29-May-2003,5169,5169,5017,5104
30-May-2003,5108,5198,4989,5077
31-May-2003,5063,5124,5021,5042
1-Jun-2003,5042,5128,4888,4944
2-Jun-2003,4956,5021,4875,4947
3-Jun-2003,4945,5002,4829,4921
4-Jun-2003,4924,5018,4920,5008
5-Jun-2003,4988,5115,4955,5087
6-Jun-2003,5101,5113,4964,5002
7-Jun-2003,4991,4998,4932,4976
8-Jun-2003,4974,5046,4875,4889
9-Jun-2003,4884,5021,4834,4921
10-Jun-2003,4903,5094,4870,4994
11-Jun-2003,4994,4997,4954,4985
12-Jun-2003,4982,5141,4980,5076
13-Jun-2003,5088,5202,5034,5167
14-Jun-2003,5176,5274,5076,5210
15-Jun-2003,5229,5260,5194,5258
16-Jun-2003,5243,5387,5237,5311
17-Jun-2003,5328,5402,5274,5317
18-Jun-2003,5299,5345,5287,5292
19-Jun-2003,5272,5275,5116,5215
20-Jun-2003,5200,5308,5196,5264
21-Jun-2003,5268,5395,5265,5342
22-Jun-2003,5356,5420,5307,5415
23-Jun-2003,5396,5407,5350,5364
24-Jun-2003,5376,5382,5287,5341
25-Jun-2003,5356,5467,5277,5415
26-Jun-2003,5428,5560,5349,5504
27-Jun-2003,5505,5605,5437,5557
28-Jun-2003,5544,5599,5483,5573
29-Jun-2003,5579,5645,5475,5537
30-Jun-2003,5534,5677,5495,5625
1-Jul-2003,5643,5674,5595,5634
2-Jul-2003,5638,5706,5557,5610
3-Jul-2003,5602,5643,5551,5554
4-Jul-2003,5567,5628,5409,5479
5-Jul-2003,5486,5565,5373,5411
6-Jul-2003,5405,5460,5321,5367
7-Jul-2003,5372,5415,5350,5415
8-Jul-2003,5413,5485,5253,5343
9-Jul-2003,5334,5414,5334,5388
10-Jul-2003,5374,5427,5272,5291
11-Jul-2003,5280,5320,5241,5251
12-Jul-2003,5252,5364,5238,5298
13-Jul-2003,5298,5405,5216,5312
14-Jul-2003,5320,5346,5150,5238
15-Jul-2003,5240,5306,5137,5142
16-Jul-2003,5154,5172,5068,5082
17-Jul-2003,5080,5141,5047,5130
18-Jul-2003,5138,5283,5109,5189
19-Jul-2003,5196,5235,5058,5112
20-Jul-2003,5120,5248,5051,5188
21-Jul-2003,5177,5247,5141,5141
22-Jul-2003,5153,5200,5148,5154
23-Jul-2003,5164,5267,5125,5211
24-Jul-2003,5231,5322,5226,5309
25-Jul-2003,5323,5439,5297,5359
26-Jul-2003,5365,5485,5352,5441
27-Jul-2003,5440,5498,5346,5434
28-Jul-2003,5436,5466,5342,5436
29-Jul-2003,5451,5621,5413,5544
30-Jul-2003,5534,5724,5470,5625
31-Jul-2003,5625,5699,5479,5577
1-Aug-2003,5591,5779,5588,5683
2-Aug-2003,5676,5677,5578,5619
3-Aug-2003,5612,5706,5597,5633
4-Aug-2003,5634,5670,5560,5637
5-Aug-2003,5655,5746,5620,5666
6-Aug-2003,5685,5740,5568,5632
7-Aug-2003,5652,5764,5595,5688
8-Aug-2003,5686,5749,5663,5703
9-Aug-2003,5705,5766,5656,5714
10-Aug-2003,5698,5731,5658,5699
11-Aug-2003,5708,5729,5651,5697
12-Aug-2003,5683,5833,5615,5764
13-Aug-2003,5761,5864,5727,5786
14-Aug-2003,5788,5849,5777,5786
15-Aug-2003,5805,5952,5711,5868
16-Aug-2003,5861,6016,5829,5947
17-Aug-2003,5933,6000,5852,5926
18-Aug-2003,5938,6018,5879,5950
19-Aug-2003,5957,6034,5911,5923
20-Aug-2003,5921,6019,5844,5853
21-Aug-2003,5865,5986,5856,5886
22-Aug-2003,5879,5919,5762,5792
23-Aug-2003,5811,5908,5753,5804
24-Aug-2003,5816,5876,5805,5823
25-Aug-2003,5805,5875,5630,5719
26-Aug-2003,5705,5804,5633,5765
27-Aug-2003,5761,5831,5749,5795
28-Aug-2003,5789,5872,5696,5838
29-Aug-2003,5822,5886,5791,5818
30-Aug-2003,5830,5922,5730,5749
31-Aug-2003,5767,5847,5646,5727
1-Sep-2003,5741,5827,5621,5651
2-Sep-2003,5632,5689,5533,5630
3-Sep-2003,5623,5694,5539,5619
4-Sep-2003,5616,5700,5494,5527
5-Sep-2003,5541,5557,5433,5454
6-Sep-2003,5434,5522,5334,5520
7-Sep-2003,5533,5580,5435,5527
8-Sep-2003,5510,5660,5476,5577
9-Sep-2003,5567,5672,5518,5628
10-Sep-2003,5644,5679,5477,5557
11-Sep-2003,5554,5632,5459,5477
12-Sep-2003,5467,5564,5369,5370
13-Sep-2003,5371,5465,5245,5288
14-Sep-2003,5295,5395,5218,5263
15-Sep-2003,5268,5340,5156,5245
16-Sep-2003,5256,5361,5206,5292
17-Sep-2003,5282,5368,5192,5278
18-Sep-2003,5284,5307,5141,5187
19-Sep-2003,5200,5205,5081,5134
20-Sep-2003,5137,5231,5088,5163
21-Sep-2003,5167,5247,5063,5082
22-Sep-2003,5074,5153,5005,5084
23-Sep-2003,5099,5134,5002,5043
24-Sep-2003,5037,5080,5033,5061
25-Sep-2003,5060,5212,5033,5120
26-Sep-2003,5125,5182,5074,5083
27-Sep-2003,5092,5222,5060,5141
28-Sep-2003,5155,5270,5130,5211
29-Sep-2003,5202,5330,5185,5237
30-Sep-2003,5238,5380,5215,5284
1-Oct-2003,5268,5320,5175,5238
2-Oct-2003,5232,5414,5177,5331
3-Oct-2003,5349,5418,5349,5407
4-Oct-2003,5402,5478,5310,5413
5-Oct-2003,5427,5483,5318,5397
6-Oct-2003,5380,5391,5318,5378
7-Oct-2003,5374,5403,5296,5325
8-Oct-2003,5328,5357,5225,5245
9-Oct-2003,5225,5230,5055,5134
10-Oct-2003,5152,5205,5086,5160
11-Oct-2003,5165,5296,5070,5219
12-Oct-2003,5204,5303,5084,5154
13-Oct-2003,5160,5216,5061,5215
14-Oct-2003,5235,5318,5107,5187
15-Oct-2003,5171,5239,5018,5071
16-Oct-2003,5084,5119,4979,5079
17-Oct-2003,5074,5101,5026,5056
18-Oct-2003,5057,5078,4978,5044
19-Oct-2003,5048,5186,4949,5098
20-Oct-2003,5104,5196,5048,5098
21-Oct-2003,5081,5137,5040,5049
22-Oct-2003,5030,5063,5001,5051
23-Oct-2003,5070,5084,4930,4983
24-Oct-2003,4970,5120,4964,5034
25-Oct-2003,5029,5075,4969,4974
26-Oct-2003,4974,5154,4906,5068
27-Oct-2003,5080,5097,4979,5065
28-Oct-2003,5080,5134,4919,4998
29-Oct-2003,4999,5038,4884,4963
30-Oct-2003,4968,4991,4915,4964
31-Oct-2003,4950,5053,4868,4995
1-Nov-2003,5001,5042,4904,4996
2-Nov-2003,4976,5146,4939,5071
3-Nov-2003,5070,5091,4972,5088
4-Nov-2003,5080,5149,4958,4995
5-Nov-2003,5014,5042,4948,4971
6-Nov-2003,4988,5045,4845,4915
7-Nov-2003,4931,5045,4867,4949
8-Nov-2003,4936,4991,4886,4928
9-Nov-2003,4942,5062,4869,4975
10-Nov-2003,4969,5152,4919,5052
11-Nov-2003,5060,5150,5018,5126
12-Nov-2003,5109,5212,5058,5201
13-Nov-2003,5218,5219,5128,5205
14-Nov-2003,5198,5275,5106,5215
15-Nov-2003,5204,5262,5132,5245
16-Nov-2003,5243,5249,5188,5204
17-Nov-2003,5214,5235,5099,5179
18-Nov-2003,5182,5232,5138,5160
19-Nov-2003,5174,5259,5148,5216
20-Nov-2003,5218,5304,5179,5254
21-Nov-2003,5239,5275,5138,5185
22-Nov-2003,5197,5244,5096,5188
23-Nov-2003,5175,5344,5082,5263
24-Nov-2003,5267,5359,5228,5346
25-Nov-2003,5343,5422,5206,5253
26-Nov-2003,5236,5305,5125,5156
27-Nov-2003,5165,5302,5126,5250
28-Nov-2003,5248,5250,5111,5206
29-Nov-2003,5194,5284,5149,5221
30-Nov-2003,5225,5276,5132,5163
1-Dec-2003,5149,5243,5123,5238
2-Dec-2003,5220,5327,5211,5254
3-Dec-2003,5270,5360,5252,5291
4-Dec-2003,5276,5372,5220,5280
5-Dec-2003,5299,5315,5141,5230
6-Dec-2003,5230,5243,5168,5227
7-Dec-2003,5217,5281,5082,5133
8-Dec-2003,5143,5190,5087,5102
9-Dec-2003,5107,5125,5035,5108
10-Dec-2003,5095,5151,5049,5094
11-Dec-2003,5104,5201,4995,5090
12-Dec-2003,5091,5122,5053,5120
13-Dec-2003,5123,5259,5060,5188
14-Dec-2003,5204,5248,5153,5240
15-Dec-2003,5235,5293,5134,5163
16-Dec-2003,5172,5265,5053,5130
17-Dec-2003,5134,5209,5051,5172
18-Dec-2003,5186,5382,5096,5283
19-Dec-2003,5277,5280,5252,5273
20-Dec-2003,5285,5425,5229,5349
21-Dec-2003,5355,5391,5171,5266
22-Dec-2003,5256,5360,5178,5277
23-Dec-2003,5273,5408,5250,5312
24-Dec-2003,5320,5336,5272,5303
25-Dec-2003,5310,5371,5219,5348
26-Dec-2003,5330,5427,5241,5365
27-Dec-2003,5355,5424,5292,5298
28-Dec-2003,5278,5362,5259,5322
29-Dec-2003,5339,5411,5173,5267
30-Dec-2003,5279,5379,5217,5241
31-Dec-2003,5236,5321,5195,5319
1-Jan-2004,5325,5478,5248,5423
2-Jan-2004,5423,5494,5343,5362
3-Jan-2004,5371,5471,5329,5359
4-Jan-2004,5363,5447,5298,5348
5-Jan-2004,5328,5456,5275,5404
6-Jan-2004,5406,5500,5406,5475
7-Jan-2004,5492,5614,5455,5544
8-Jan-2004,5563,5635,5463,5490
9-Jan-2004,5497,5577,5487,5520
10-Jan-2004,5525,5600,5486,5487
11-Jan-2004,5503,5545,5329,5412
12-Jan-2004,5410,5445,5330,5355
13-Jan-2004,5374,5393,5319,5391
14-Jan-2004,5411,5486,5410,5449
15-Jan-2004,5462,5528,5363,5370
16-Jan-2004,5372,5399,5275,5358
17-Jan-2004,5356,5449,5313,5428
18-Jan-2004,5412,5543,5412,5480
19-Jan-2004,5497,5549,5424,5549
20-Jan-2004,5542,5639,5393,5455
21-Jan-2004,5471,5506,5431,5504
22-Jan-2004,5493,5533,5447,5467
23-Jan-2004,5465,5560,5302,5390
24-Jan-2004,5372,5520,5359,5422
25-Jan-2004,5434,5443,5432,5440
26-Jan-2004,5451,5495,5383,5486
27-Jan-2004,5499,5574,5382,5431
28-Jan-2004,5433,5470,5378,5411
29-Jan-2004,5392,5463,5306,5384
30-Jan-2004,5390,5473,5351,5463
31-Jan-2004,5460,5547,5393,5485
1-Feb-2004,5491,5566,5393,5533
2-Feb-2004,5515,5597,5461,5590
3-Feb-2004,5589,5643,5525,5548
4-Feb-2004,5565,5654,5464,5520
5-Feb-2004,5503,5531,5429,5445
6-Feb-2004,5449,5537,5305,5382
7-Feb-2004,5378,5419,5363,5382
8-Feb-2004,5382,5489,5374,5437
9-Feb-2004,5453,5546,5309,5384
10-Feb-2004,5373,5461,5219,5285
11-Feb-2004,5296,5346,5130,5206
12-Feb-2004,5218,5340,5193,5241
13-Feb-2004,5221,5337,5141,5293
14-Feb-2004,5277,5345,5265,5308
15-Feb-2004,5309,5395,5279,5373
16-Feb-2004,5362,5494,5296,5419
17-Feb-2004,5422,5475,5379,5389
18-Feb-2004,5407,5413,5317,5372
19-Feb-2004,5367,5378,5188,5284
20-Feb-2004,5289,5416,5285,5344
21-Feb-2004,5341,5426,5234,5286
22-Feb-2004,5270,5310,5108,5194
23-Feb-2004,5183,5212,5128,5200
24-Feb-2004,5194,5324,5151,5253
25-Feb-2004,5243,5259,5157,5249
26-Feb-2004,5263,5354,5157,5249
27-Feb-2004,5262,5347,5228,5313
28-Feb-2004,5326,5443,5242,5370
29-Feb-2004,5381,5440,5264,5364
1-Mar-2004,5357,5500,5353,5451
2-Mar-2004,5439,5529,5319,5385
3-Mar-2004,5394,5424,5311,5340
4-Mar-2004,5355,5476,5297,5397
5-Mar-2004,5386,5473,5324,5363
6-Mar-2004,5376,5548,5331,5461
7-Mar-2004,5476,5546,5394,5413
8-Mar-2004,5418,5468,5340,5460
9-Mar-2004,5465,5479,5314,5399
10-Mar-2004,5415,5531,5379,5480
11-Mar-2004,5475,5534,5425,5500
12-Mar-2004,5499,5678,5461,5599
13-Mar-2004,5618,5655,5557,5645
14-Mar-2004,5665,5701,5594,5639
15-Mar-2004,5632,5782,5547,5709
16-Mar-2004,5722,5739,5702,5734
17-Mar-2004,5754,5843,5659,5830
18-Mar-2004,5831,5886,5684,5767
19-Mar-2004,5777,5793,5631,5714
20-Mar-2004,5700,5723,5554,5601
21-Mar-2004,5593,5695,5550,5656
22-Mar-2004,5642,5684,5535,5573
23-Mar-2004,5563,5722,5541,5660
24-Mar-2004,5662,5708,5659,5672
25-Mar-2004,5677,5775,5654,5761
26-Mar-2004,5758,5792,5704,5780
27-Mar-2004,5765,5910,5739,5842
28-Mar-2004,5855,5906,5760,5853
29-Mar-2004,5842,5876,5730,5780
30-Mar-2004,5785,5838,5723,5780
31-Mar-2004,5786,5848,5646,5738
1-Apr-2004,5750,5781,5748,5774
2-Apr-2004,5765,5830,5700,5782
3-Apr-2004,5780,5970,5738,5875
4-Apr-2004,5871,5940,5820,5903
5-Apr-2004,5888,5977,5832,5844
6-Apr-2004,5836,5951,5738,5906
7-Apr-2004,5887,5984,5821,5864
8-Apr-2004,5846,5864,5831,5853
9-Apr-2004,5843,5943,5704,5804
10-Apr-2004,5792,5864,5629,5701
11-Apr-2004,5710,5723,5690,5691
12-Apr-2004,5702,5781,5645,5775
13-Apr-2004,5787,5850,5720,5746
14-Apr-2004,5765,5895,5694,5825
15-Apr-2004,5834,5909,5804,5904
16-Apr-2004,5909,5918,5842,5912
17-Apr-2004,5900,5937,5858,5934
18-Apr-2004,5938,6030,5800,5863
19-Apr-2004,5873,5924,5758,5832
20-Apr-2004,5827,5885,5820,5863
21-Apr-2004,5850,5946,5760,5848
22-Apr-2004,5861,5983,5859,5909
23-Apr-2004,5929,6028,5861,5866
24-Apr-2004,5864,5918,5789,5900
25-Apr-2004,5891,5939,5791,5888
26-Apr-2004,5889,5967,5804,5910
27-Apr-2004,5893,5906,5877,5880
28-Apr-2004,5863,5898,5709,5780
29-Apr-2004,5793,5817,5665,5727
30-Apr-2004,5716,5794,5619,5660
1-May-2004,5653,5697,5510,5556
2-May-2004,5561,5577,5547,5561
3-May-2004,5541,5632,5516,5553
4-May-2004,5558,5584,5420,5471
5-May-2004,5451,5471,5395,5459
6-May-2004,5477,5547,5474,5477
7-May-2004,5466,5553,5452,5481
8-May-2004,5481,5521,5434,5479
9-May-2004,5489,5649,5410,5564
10-May-2004,5583,5671,5531,5567
11-May-2004,5549,5647,5528,5597
12-May-2004,5594,5626,5449,5508
13-May-2004,5495,5574,5351,5420
14-May-2004,5402,5493,5373,5463
15-May-2004,5465,5571,5375,5516
16-May-2004,5502,5635,5492,5593
17-May-2004,5577,5657,5559,5577
18-May-2004,5577,5666,5528,5554
19-May-2004,5534,5669,5506,5577
20-May-2004,5573,5624,5522,5605
21-May-2004,5617,5698,5495,5524
22-May-2004,5524,5575,5477,5536
23-May-2004,5524,5560,5490,5540
24-May-2004,5548,5593,5455,5503
25-May-2004,5494,5596,5452,5585
26-May-2004,5603,5707,5544,5698
27-May-2004,5681,5779,5601,5724
28-May-2004,5707,5828,5645,5739
29-May-2004,5738,5878,5653,5809
30-May-2004,5789,5845,5645,5728
31-May-2004,5708,5786,5592,5681
1-Jun-2004,5681,5697,5522,5599
2-Jun-2004,5590,5712,5497,5627
3-Jun-2004,5627,5693,5600,5664
4-Jun-2004,5648,5785,5551,5692
5-Jun-2004,5701,5756,5544,5632
6-Jun-2004,5615,5658,5547,5562
7-Jun-2004,5557,5594,5395,5459
8-Jun-2004,5447,5567,5387,5515
9-Jun-2004,5534,5541,5452,5489
10-Jun-2004,5479,5544,5363,5405
11-Jun-2004,5398,5404,5327,5332
12-Jun-2004,5344,5391,5299,5364
13-Jun-2004,5371,5549,5276,5470
14-Jun-2004,5479,5567,5444,5500
15-Jun-2004,5517,5559,5501,5521
16-Jun-2004,5518,5582,5418,5525
17-Jun-2004,5537,5614,5468,5485
18-Jun-2004,5500,5500,5382,5441
19-Jun-2004,5436,5462,5298,5394
20-Jun-2004,5379,5459,5351,5359
21-Jun-2004,5376,5383,5343,5369
22-Jun-2004,5354,5436,5236,5321
23-Jun-2004,5323,5383,5199,5255
24-Jun-2004,5237,5336,5227,5283
25-Jun-2004,5293,5336,5146,5221
26-Jun-2004,5218,5236,5131,5133
27-Jun-2004,5129,5191,5075,5081
28-Jun-2004,5081,5171,5071,5157
29-Jun-2004,5138,5265,5043,5182
30-Jun-2004,5178,5212,5080,5132
1-Jul-2004,5148,5220,5132,5138
2-Jul-2004,5121,5174,5031,5036
3-Jul-2004,5022,5154,4950,5099
4-Jul-2004,5081,5142,4993,5032
5-Jul-2004,5045,5141,5006,5012
6-Jul-2004,5005,5133,4970,5095
7-Jul-2004,5083,5260,4996,5162
8-Jul-2004,5166,5209,5002,5067
9-Jul-2004,5078,5237,5031,5159
10-Jul-2004,5148,5185,5027,5064
11-Jul-2004,5050,5139,4975,5015
12-Jul-2004,5007,5147,4939,5106
13-Jul-2004,5119,5248,5112,5151
14-Jul-2004,5157,5210,5019,5115
15-Jul-2004,5121,5203,5027,5113
16-Jul-2004,5125,5207,5030,5123
17-Jul-2004,5127,5224,5035,5204
18-Jul-2004,5193,5369,5154,5289
19-Jul-2004,5298,5358,5248,5261
20-Jul-2004,5265,5299,5171,5276
21-Jul-2004,5285,5355,5232,5353
22-Jul-2004,5356,5435,5330,5408
23-Jul-2004,5410,5513,5395,5481
24-Jul-2004,5485,5506,5389,5438
25-Jul-2004,5441,5487,5331,5366
26-Jul-2004,5372,5510,5302,5442
27-Jul-2004,5453,5519,5367,5410
28-Jul-2004,5398,5570,5385,5498
29-Jul-2004,5498,5533,5459,5472
30-Jul-2004,5473,5560,5376,5538
31-Jul-2004,5527,5644,5433,5558
1-Aug-2004,5538,5606,5530,5542
2-Aug-2004,5547,5633,5432,5453
3-Aug-2004,5452,5545,5367,5468
4-Aug-2004,5463,5492,5406,5435
5-Aug-2004,5442,5443,5304,5369
6-Aug-2004,5375,5527,5343,5467
7-Aug-2004,5451,5522,5408,5518
8-Aug-2004,5516,5600,5406,5430
9-Aug-2004,5435,5576,5388,5499
10-Aug-2004,5488,5648,5440,5582
11-Aug-2004,5569,5652,5549,5647
12-Aug-2004,5634,5770,5576,5700
13-Aug-2004,5683,5818,5592,5733
14-Aug-2004,5728,5891,5716,5800
15-Aug-2004,5806,5823,5733,5787
16-Aug-2004,5796,5805,5721,5762
17-Aug-2004,5757,5788,5652,5726
18-Aug-2004,5707,5834,5642,5803
19-Aug-2004,5803,5917,5801,5851
20-Aug-2004,5835,5881,5720,5808
21-Aug-2004,5827,5964,5774,5872
22-Aug-2004,5882,5949,5795,5837
23-Aug-2004,5820,5936,5786,5851
24-Aug-2004,5857,5993,5835,5904
25-Aug-2004,5896,5969,5810,5930
26-Aug-2004,5921,6039,5855,6007
27-Aug-2004,5991,6089,5984,5999
28-Aug-2004,5980,6111,5946,6014
29-Aug-2004,6027,6091,5962,5970
30-Aug-2004,5969,6116,5926,6026
31-Aug-2004,6038,6147,6025,6104
1-Sep-2004,6097,6108,5990,6077
2-Sep-2004,6089,6129,6011,6057
3-Sep-2004,6046,6090,5938,5962
4-Sep-2004,5972,6037,5909,6015
5-Sep-2004,6035,6059,6027,6027
6-Sep-2004,6019,6174,5996,6078
7-Sep-2004,6066,6143,6040,6042
8-Sep-2004,6034,6103,5992,6051
9-Sep-2004,6047,6098,5901,5981
10-Sep-2004,5969,6019,5957,5974
11-Sep-2004,5985,6036,5934,6020
12-Sep-2004,6009,6029,5943,5999
13-Sep-2004,6001,6065,5986,5988
14-Sep-2004,5982,6124,5942,6036
15-Sep-2004,6034,6105,5963,6054
16-Sep-2004,6041,6178,5942,6081
17-Sep-2004,6065,6119,5915,5972
18-Sep-2004,5976,6062,5878,5996
19-Sep-2004,6011,6076,5966,6048
20-Sep-2004,6034,6169,6017,6115
21-Sep-2004,6122,6186,6034,6140
22-Sep-2004,6143,6152,6031,6096
23-Sep-2004,6084,6227,6071,6182
24-Sep-2004,6194,6233,6132,6135
25-Sep-2004,6154,6237,6130,6220
26-Sep-2004,6204,6277,6167,6203
27-Sep-2004,6220,6338,6129,6272
28-Sep-2004,6266,6382,6236,6311
29-Sep-2004,6316,6382,6246,6290
30-Sep-2004,6306,6343,6208,6266
1-Oct-2004,6252,6315,6114,6172
2-Oct-2004,6189,6369,6150,6285
3-Oct-2004,6287,6419,6263,6335
4-Oct-2004,6324,6499,6307,6416
5-Oct-2004,6413,6570,6364,6481
6-Oct-2004,6491,6540,6482,6508
7-Oct-2004,6495,6503,6444,6474
8-Oct-2004,6493,6538,6321,6409
9-Oct-2004,6410,6511,6399,6501
10-Oct-2004,6488,6505,6388,6490
11-Oct-2004,6506,6611,6467,6592
12-Oct-2004,6573,6639,6549,6613
13-Oct-2004,6605,6691,6490,6589
14-Oct-2004,6582,6672,6491,6540
15-Oct-2004,6546,6657,6531,6632
16-Oct-2004,6651,6781,6594,6719
17-Oct-2004,6725,6777,6617,6697
18-Oct-2004,6707,6716,6619,6672
19-Oct-2004,6654,6718,6556,6608
20-Oct-2004,6589,6596,6445,6525
21-Oct-2004,6507,6553,6386,6413
22-Oct-2004,6422,6611,6322,6518
23-Oct-2004,6516,6604,6434,6440
24-Oct-2004,6460,6467,6326,6417
25-Oct-2004,6415,6455,6297,6324
26-Oct-2004,6335,6390,6190,6288
27-Oct-2004,6295,6314,6192,6209
28-Oct-2004,6204,6253,6079,6143
29-Oct-2004,6139,6264,6126,6226
30-Oct-2004,6216,6307,6063,6118
31-Oct-2004,6104,6122,6005,6044
1-Nov-2004,6058,6132,6043,6112
2-Nov-2004,6127,6167,6077,6106
3-Nov-2004,6118,6224,6080,6157
4-Nov-2004,6144,6240,6114,6188
5-Nov-2004,6203,6330,6201,6254
6-Nov-2004,6262,6397,6232,6317
7-Nov-2004,6306,6331,6202,6231
8-Nov-2004,6223,6242,6154,6183
9-Nov-2004,6176,6264,6078,6149
10-Nov-2004,6158,6194,6062,6105
11-Nov-2004,6097,6180,5941,6034
12-Nov-2004,6043,6078,6009,6037
13-Nov-2004,6018,6042,5906,5919
14-Nov-2004,5902,5968,5795,5887
15-Nov-2004,5869,5969,5788,5826
16-Nov-2004,5815,5978,5748,5888
17-Nov-2004,5905,5940,5768,5857
18-Nov-2004,5862,5990,5764,5959
19-Nov-2004,5960,6063,5938,5994
20-Nov-2004,6001,6185,5943,6100
21-Nov-2004,6081,6140,6059,6137
22-Nov-2004,6150,6329,6119,6248
23-Nov-2004,6254,6319,6136,6170
24-Nov-2004,6169,6199,6042,6139
25-Nov-2004,6126,6226,6017,6103
26-Nov-2004,6103,6140,6003,6130
27-Nov-2004,6134,6190,6118,6172
28-Nov-2004,6170,6236,5988,6088
29-Nov-2004,6093,6116,6032,6052
30-Nov-2004,6048,6055,5944,5976
1-Dec-2004,5983,6028,5820,5911
2-Dec-2004,5893,5907,5827,5838
3-Dec-2004,5846,5913,5805,5837
4-Dec-2004,5847,5874,5806,5824
5-Dec-2004,5811,5894,5758,5884
6-Dec-2004,5900,5912,5752,5813
7-Dec-2004,5804,5828,5763,5768
8-Dec-2004,5755,5873,5743,5802
9-Dec-2004,5785,5864,5761,5813
10-Dec-2004,5810,5865,5735,5786
11-Dec-2004,5768,5872,5760,5789
12-Dec-2004,5794,5829,5679,5734
13-Dec-2004,5733,5818,5694,5733
14-Dec-2004,5723,5751,5677,5742
15-Dec-2004,5727,5820,5637,5657
16-Dec-2004,5641,5735,5606,5715
17-Dec-2004,5717,5834,5643,5734
18-Dec-2004,5747,5840,5738,5749
19-Dec-2004,5747,5790,5674,5679
20-Dec-2004,5684,5734,5631,5685
21-Dec-2004,5673,5766,5538,5632
22-Dec-2004,5651,5659,5594,5615
23-Dec-2004,5613,5660,5576,5637
24-Dec-2004,5642,5679,5612,5665
25-Dec-2004,5670,5782,5644,5713
26-Dec-2004,5733,5804,5687,5704
27-Dec-2004,5687,5757,5569,5594
28-Dec-2004,5598,5619,5536,5600
29-Dec-2004,5607,5677,5565,5639
30-Dec-2004,5628,5682,5546,5605
31-Dec-2004,5611,5701,5528,5569
1-Jan-2005,5577,5673,5552,5670
2-Jan-2005,5663,5781,5583,5694
3-Jan-2005,5684,5719,5654,5708
4-Jan-2005,5728,5753,5585,5643
5-Jan-2005,5659,5691,5625,5644
6-Jan-2005,5625,5689,5542,5640
7-Jan-2005,5643,5787,5603,5727
8-Jan-2005,5741,5753,5603,5698
9-Jan-2005,5711,5788,5615,5749
10-Jan-2005,5759,5804,5720,5770
11-Jan-2005,5751,5911,5691,5816
12-Jan-2005,5810,5905,5808,5868
13-Jan-2005,5878,5892,5767,5817
14-Jan-2005,5817,5890,5769,5777
15-Jan-2005,5788,5804,5739,5795
16-Jan-2005,5794,5903,5761,5872
17-Jan-2005,5875,5924,5837,5907
18-Jan-2005,5896,5971,5787,5814
19-Jan-2005,5803,5932,5803,5854
20-Jan-2005,5865,5896,5843,5846
21-Jan-2005,5854,5979,5774,5933
22-Jan-2005,5913,5925,5832,5852
23-Jan-2005,5852,5913,5705,5800
24-Jan-2005,5791,5865,5784,5861
25-Jan-2005,5859,6006,5775,5957
26-Jan-2005,5971,6025,5857,5875
27-Jan-2005,5883,5919,5796,5908
28-Jan-2005,5924,5944,5915,5925
29-Jan-2005,5930,6018,5849,5875
30-Jan-2005,5860,5876,5711,5762
31-Jan-2005,5765,5845,5613,5713
1-Feb-2005,5713,5812,5712,5729
2-Feb-2005,5716,5759,5658,5701
3-Feb-2005,5696,5869,5623,5772
4-Feb-2005,5764,5870,5755,5817
5-Feb-2005,5799,5986,5742,5894
6-Feb-2005,5894,5959,5720,5804
7-Feb-2005,5786,5917,5689,5872
8-Feb-2005,5886,5968,5765,5822
9-Feb-2005,5802,5822,5721,5741
10-Feb-2005,5758,5833,5633,5673
11-Feb-2005,5657,5679,5592,5672
12-Feb-2005,5687,5730,5687,5711
13-Feb-2005,5714,5798,5684,5760
14-Feb-2005,5767,5869,5717,5811
15-Feb-2005,5823,5898,5764,5777
16-Feb-2005,5781,5875,5747,5747
17-Feb-2005,5727,5805,5557,5644
18-Feb-2005,5649,5802,5584,5737
19-Feb-2005,5753,5838,5743,5748
20-Feb-2005,5751,5904,5734,5826
21-Feb-2005,5811,5853,5687,5782
22-Feb-2005,5769,5838,5666,5710
23-Feb-2005,5712,5801,5707,5708
24-Feb-2005,5693,5789,5614,5788
25-Feb-2005,5770,5843,5766,5795
26-Feb-2005,5791,5952,5765,5881
27-Feb-2005,5877,5915,5832,5893
28-Feb-2005,5910,5968,5769,5861
1-Mar-2005,5869,5977,5865,5885
2-Mar-2005,5874,5915,5765,5852
3-Mar-2005,5860,5904,5794,5842
4-Mar-2005,5857,5936,5768,5856
5-Mar-2005,5844,5988,5784,5929
6-Mar-2005,5931,5954,5831,5844
7-Mar-2005,5861,5886,5810,5853
8-Mar-2005,5851,5978,5796,5939
9-Mar-2005,5951,6106,5858,6051
10-Mar-2005,6035,6172,5974,6111
11-Mar-2005,6106,6152,6085,6142
12-Mar-2005,6156,6312,6155,6234
13-Mar-2005,6240,6242,6077,6163
14-Mar-2005,6182,6294,6152,6234
15-Mar-2005,6250,6312,6221,6223
16-Mar-2005,6221,6289,6128,6236
17-Mar-2005,6252,6308,6150,6227
18-Mar-2005,6207,6235,6174,6202
19-Mar-2005,6191,6251,6152,6202
20-Mar-2005,6216,6240,6108,6123
21-Mar-2005,6140,6178,6099,6160
22-Mar-2005,6169,6210,6033,6085
23-Mar-2005,6105,6144,6042,6071
24-Mar-2005,6082,6238,6041,6170
25-Mar-2005,6171,6275,6096,6234
26-Mar-2005,6253,6256,6150,6229
27-Mar-2005,6227,6347,6198,6310
28-Mar-2005,6320,6396,6170,6242
29-Mar-2005,6259,6327,6175,6267
30-Mar-2005,6258,6321,6193,6279
31-Mar-2005,6263,6329,6146,6164
1-Apr-2005,6147,6158,6042,6067
2-Apr-2005,6054,6122,5931,5998
3-Apr-2005,5980,6155,5889,6060
4-Apr-2005,6074,6154,5993,6072
5-Apr-2005,6081,6130,6034,6060
6-Apr-2005,6055,6147,6000,6003
7-Apr-2005,6014,6101,5997,6018
8-Apr-2005,6004,6052,5885,5975
9-Apr-2005,5964,6004,5922,5997
10-Apr-2005,5999,6086,5946,6030
11-Apr-2005,6042,6192,5946,6115
12-Apr-2005,6134,6256,6072,6201
13-Apr-2005,6198,6361,6120,6271
14-Apr-2005,6282,6382,6249,6261
15-Apr-2005,6254,6271,6220,6246
16-Apr-2005,6240,6317,6174,6275
17-Apr-2005,6279,6333,6211,6269
18-Apr-2005,6266,6302,6138,6200
19-Apr-2005,6210,6356,6194,6292
20-Apr-2005,6307,6397,6209,6305
21-Apr-2005,6292,6403,6198,6325
22-Apr-2005,6315,6411,6226,6296
23-Apr-2005,6315,6390,6222,6309
24-Apr-2005,6304,6361,6280,6288
25-Apr-2005,6278,6288,6181,6246
26-Apr-2005,6232,6234,6166,6181
27-Apr-2005,6190,6280,6171,6181
28-Apr-2005,6163,6235,6073,6109
29-Apr-2005,6092,6121,6010,6121
30-Apr-2005,6136,6272,6086,6233
1-May-2005,6219,6257,6205,6230
2-May-2005,6225,6301,6113,6134
3-May-2005,6147,6212,6058,6164
4-May-2005,6144,6280,6136,6201
5-May-2005,6182,6195,6120,6146
6-May-2005,6141,6148,6067,6116
7-May-2005,6117,6240,6023,6207
8-May-2005,6227,6243,6173,6207
9-May-2005,6211,6334,6130,6282
10-May-2005,6273,6370,6263,6369
11-May-2005,6381,6415,6301,6302
12-May-2005,6310,6342,6239,6248
13-May-2005,6265,6342,6209,6223
14-May-2005,6218,6275,6083,6123
15-May-2005,6104,6160,6028,6047
16-May-2005,6051,6077,5949,5995
17-May-2005,5986,6024,5904,5921
18-May-2005,5941,5972,5901,5922
19-May-2005,5940,6042,5938,5950
20-May-2005,5947,5947,5842,5866
21-May-2005,5850,5878,5670,5759
22-May-2005,5771,5845,5628,5716
23-May-2005,5700,5768,5668,5683
24-May-2005,5693,5835,5602,5772
25-May-2005,5773,5890,5773,5846
26-May-2005,5826,5906,5749,5819
27-May-2005,5821,5821,5750,5765
28-May-2005,5768,5891,5767,5843
29-May-2005,5838,5847,5803,5842
30-May-2005,5836,5902,5776,5843
31-May-2005,5847,5946,5773,5796
1-Jun-2005,5798,5831,5702,5801
2-Jun-2005,5815,5848,5699,5766
3-Jun-2005,5783,5851,5748,5824
4-Jun-2005,5815,5823,5744,5780
5-Jun-2005,5773,5920,5723,5820
6-Jun-2005,5806,5889,5792,5848
7-Jun-2005,5843,5956,5755,5893
8-Jun-2005,5878,5894,5844,5894
9-Jun-2005,5886,5948,5720,5789
10-Jun-2005,5769,5792,5690,5774
11-Jun-2005,5761,5904,5721,5820
12-Jun-2005,5819,5913,5814,5902
13-Jun-2005,5922,6013,5824,5920
14-Jun-2005,5920,5951,5842,5945
15-Jun-2005,5928,6026,5916,5916
16-Jun-2005,5908,5972,5853,5966
17-Jun-2005,5974,6160,5930,6062
18-Jun-2005,6051,6124,5950,6036
19-Jun-2005,6050,6067,6027,6061
20-Jun-2005,6046,6086,5896,5993
21-Jun-2005,5983,6014,5870,5935
22-Jun-2005,5952,5952,5841,5921
23-Jun-2005,5901,6001,5874,5932
24-Jun-2005,5946,6018,5921,6010
25-Jun-2005,6027,6196,5971,6105
26-Jun-2005,6101,6141,6081,6122
27-Jun-2005,6103,6257,6029,6158
28-Jun-2005,6142,6223,6007,6056
29-Jun-2005,6064,6086,5991,6078
30-Jun-2005,6093,6186,6034,6091
1-Jul-2005,6077,6164,6074,6155
2-Jul-2005,6164,6244,6030,6092
3-Jul-2005,6073,6150,5976,6075
4-Jul-2005,6060,6222,6018,6137
5-Jul-2005,6144,6248,6084,6215
6-Jul-2005,6229,6399,6214,6300
7-Jul-2005,6314,6373,6258,6261
8-Jul-2005,6264,6450,6210,6357
9-Jul-2005,6376,6440,6288,6385
10-Jul-2005,6399,6453,6380,6444
11-Jul-2005,6455,6537,6390,6482
12-Jul-2005,6470,6564,6413,6433
13-Jul-2005,6436,6490,6261,6361
14-Jul-2005,6358,6467,6312,6428
15-Jul-2005,6437,6498,6310,6358
16-Jul-2005,6361,6483,6288,6449
17-Jul-2005,6469,6561,6456,6494
18-Jul-2005,6509,6641,6453,6601
19-Jul-2005,6604,6723,6551,6688
20-Jul-2005,6699,6741,6628,6645
21-Jul-2005,6659,6751,6584,6672
22-Jul-2005,6664,6684,6493,6578
23-Jul-2005,6559,6589,6501,6506
24-Jul-2005,6525,6534,6382,6476
25-Jul-2005,6467,6498,6414,6477
26-Jul-2005,6486,6555,6314,6410
27-Jul-2005,6414,6508,6387,6449
28-Jul-2005,6435,6574,6402,6475
29-Jul-2005,6491,6634,6442,6546
30-Jul-2005,6563,6673,6532,6585
31-Jul-2005,6584,6683,6540,6604
1-Aug-2005,6617,6742,6555,6692
2-Aug-2005,6680,6748,6607,6727
3-Aug-2005,6714,6844,6694,6813
4-Aug-2005,6820,6897,6778,6888
5-Aug-2005,6895,6941,6720,6800
6-Aug-2005,6793,6858,6759,6813
7-Aug-2005,6818,6967,6755,6913
8-Aug-2005,6916,7057,6867,7005
9-Aug-2005,7017,7096,6874,6960
10-Aug-2005,6967,7000,6896,6986
11-Aug-2005,6981,7049,6910,6948
12-Aug-2005,6932,6963,6737,6837
13-Aug-2005,6849,6932,6730,6791
14-Aug-2005,6796,6956,6705,6877
15-Aug-2005,6891,7056,6850,6957
16-Aug-2005,6954,6958,6851,6891
17-Aug-2005,6882,6998,6802,6922
18-Aug-2005,6902,7038,6881,6989
19-Aug-2005,6987,7048,6912,6982
20-Aug-2005,6981,6982,6816,6886
21-Aug-2005,6878,7018,6831,6946
22-Aug-2005,6944,7013,6844,6903
23-Aug-2005,6889,6975,6734,6827
24-Aug-2005,6834,6916,6800,6905
25-Aug-2005,6909,7094,6874,7003
26-Aug-2005,6989,7001,6843,6917
27-Aug-2005,6904,6943,6878,6932
28-Aug-2005,6940,7011,6819,6875
29-Aug-2005,6871,6900,6721,6802
30-Aug-2005,6788,6839,6670,6738
31-Aug-2005,6732,6751,6639,6737
1-Sep-2005,6750,6804,6671,6675
2-Sep-2005,6658,6671,6491,6571
3-Sep-2005,6579,6661,6463,6493
4-Sep-2005,6509,6617,6438,6573
5-Sep-2005,6554,6632,6485,6601
6-Sep-2005,6617,6629,6528,6546
7-Sep-2005,6534,6665,6528,6583
8-Sep-2005,6603,6668,6502,6534
9-Sep-2005,6536,6613,6517,6610
10-Sep-2005,6623,6745,6542,6670
11-Sep-2005,6687,6807,6630,6774
12-Sep-2005,6771,6897,6677,6845
13-Sep-2005,6847,6885,6751,6855
14-Sep-2005,6856,6953,6756,6932
15-Sep-2005,6945,6989,6900,6913
16-Sep-2005,6932,7062,6870,6962
17-Sep-2005,6952,7095,6879,7012
18-Sep-2005,7015,7038,6907,6986
19-Sep-2005,6970,7016,6967,6983
20-Sep-2005,6997,7067,6981,7031
21-Sep-2005,7041,7108,7009,7049
22-Sep-2005,7035,7111,6938,7000
23-Sep-2005,6990,7049,6947,7028
24-Sep-2005,7031,7125,6950,7072
25-Sep-2005,7056,7114,6951,6983
26-Sep-2005,6994,7030,6918,6941
27-Sep-2005,6944,7046,6923,6996
28-Sep-2005,7004,7079,6916,7014
29-Sep-2005,6995,7072,6905,6968
30-Sep-2005,6961,7032,6810,6901
1-Oct-2005,6900,6908,6848,6875
2-Oct-2005,6879,6924,6814,6892
3-Oct-2005,6903,7025,6820,6945
4-Oct-2005,6965,6991,6820,6880
5-Oct-2005,6897,6964,6765,6801
6-Oct-2005,6800,6869,6709,6824
7-Oct-2005,6834,6883,6813,6848
8-Oct-2005,6862,6891,6782,6810
9-Oct-2005,6816,6881,6800,6817
10-Oct-2005,6833,6855,6669,6744
11-Oct-2005,6762,6858,6723,6841
12-Oct-2005,6822,6886,6777,6874
13-Oct-2005,6867,6974,6776,6877
14-Oct-2005,6876,6939,6783,6816
15-Oct-2005,6824,6946,6798,6873
16-Oct-2005,6871,7041,6860,6957
17-Oct-2005,6945,6960,6845,6919
18-Oct-2005,6923,6933,6922,6923
19-Oct-2005,6921,6959,6875,6948
20-Oct-2005,6950,7036,6864,6963
21-Oct-2005,6953,7002,6917,6957
22-Oct-2005,6943,7032,6872,7009
23-Oct-2005,6994,7070,6955,7010
24-Oct-2005,7030,7110,6973,7110
25-Oct-2005,7106,7144,6958,7007
26-Oct-2005,6989,7099,6961,7021
27-Oct-2005,7003,7006,6850,6947
28-Oct-2005,6942,7037,6759,6850
29-Oct-2005,6854,6918,6776,6800
30-Oct-2005,6813,6949,6739,6913
31-Oct-2005,6918,6989,6777,6857
1-Nov-2005,6871,6990,6793,6965
2-Nov-2005,6969,7056,6881,6893
3-Nov-2005,6912,7074,6862,6991
4-Nov-2005,6974,7123,6928,7073
5-Nov-2005,7054,7126,7021,7059
6-Nov-2005,7060,7169,6988,7119
7-Nov-2005,7113,7210,7030,7116
8-Nov-2005,7136,7209,7046,7124
9-Nov-2005,7137,7169,7095,7098
10-Nov-2005,7090,7111,7063,7098
11-Nov-2005,7105,7205,6918,7018
12-Nov-2005,7011,7079,6932,6951
13-Nov-2005,6933,7074,6845,6976
14-Nov-2005,6968,7058,6942,7018
15-Nov-2005,7021,7168,6947,7110
16-Nov-2005,7108,7182,7097,7155
17-Nov-2005,7158,7207,7111,7194
18-Nov-2005,7212,7309,7158,7229
19-Nov-2005,7216,7324,7147,7289
20-Nov-2005,7295,7402,7225,7313
21-Nov-2005,7333,7406,7243,7245
22-Nov-2005,7229,7332,7220,7280
23-Nov-2005,7274,7344,7218,7296
24-Nov-2005,7303,7341,7259,7329
25-Nov-2005,7347,7435,7215,7298
26-Nov-2005,7288,7292,7208,7285
27-Nov-2005,7271,7371,7179,7241
28-Nov-2005,7230,7285,7157,7275
29-Nov-2005,7264,7316,7130,7211
30-Nov-2005,7196,7337,7111,7254
1-Dec-2005,7264,7315,7241,7249
2-Dec-2005,7244,7381,7212,7322
3-Dec-2005,7316,7390,7180,7278
4-Dec-2005,7268,7286,7222,7225
5-Dec-2005,7225,7390,7144,7320
6-Dec-2005,7327,7408,7254,7321
7-Dec-2005,7327,7414,7237,7354
8-Dec-2005,7354,7483,7354,7450
9-Dec-2005,7458,7482,7330,7426
10-Dec-2005,7418,7489,7400,7482
11-Dec-2005,7468,7499,7419,7462
12-Dec-2005,7446,7528,7409,7427
13-Dec-2005,7434,7545,7348,7490
14-Dec-2005,7505,7534,7480,7504
15-Dec-2005,7484,7563,7460,7503
16-Dec-2005,7521,7585,7502,7540
17-Dec-2005,7535,7660,7516,7612
18-Dec-2005,7609,7714,7576,7709
19-Dec-2005,7715,7881,7671,7808
20-Dec-2005,7790,7820,7653,7702
21-Dec-2005,7688,7748,7682,7745
22-Dec-2005,7747,7812,7736,7761
23-Dec-2005,7766,7934,7745,7839
24-Dec-2005,7822,7929,7726,7914
25-Dec-2005,7928,8048,7863,7974
26-Dec-2005,7986,8058,7974,8009
27-Dec-2005,8018,8146,7984,8070
28-Dec-2005,8052,8191,8043,8097
29-Dec-2005,8108,8203,8011,8109
30-Dec-2005,8121,8164,8073,8159
31-Dec-2005,8148,8332,8055,8246
1-Jan-2006,8247,8330,8213,8292
2-Jan-2006,8288,8383,8140,8196
3-Jan-2006,8194,8290,8038,8108
4-Jan-2006,8089,8102,7984,8006
5-Jan-2006,7990,8132,7896,8086
6-Jan-2006,8105,8207,8036,8180
7-Jan-2006,8165,8186,8018,8077
8-Jan-2006,8066,8122,7961,8003
9-Jan-2006,7999,8020,7969,8004
10-Jan-2006,7999,8030,7886,7922
11-Jan-2006,7917,8060,7913,7968
12-Jan-2006,7961,8018,7778,7864
13-Jan-2006,7848,7981,7757,7946
14-Jan-2006,7930,7931,7901,7907
15-Jan-2006,7909,7912,7835,7911
16-Jan-2006,7892,7974,7847,7939
17-Jan-2006,7935,8100,7850,8015
18-Jan-2006,8031,8034,7897,7952
19-Jan-2006,7936,8092,7873,8022
20-Jan-2006,8006,8152,7987,8085
21-Jan-2006,8095,8122,8038,8052
22-Jan-2006,8053,8077,7989,8045
23-Jan-2006,8046,8132,7963,7986
24-Jan-2006,7987,8006,7869,7906
25-Jan-2006,7902,7908,7740,7821
26-Jan-2006,7814,7879,7805,7826
27-Jan-2006,7834,7922,7703,7740
28-Jan-2006,7721,7756,7703,7753
29-Jan-2006,7757,7828,7728,7742
30-Jan-2006,7747,7779,7645,7671
31-Jan-2006,7659,7690,7540,7625
1-Feb-2006,7644,7743,7466,7566
2-Feb-2006,7570,7575,7466,7473
3-Feb-2006,7481,7633,7430,7541
4-Feb-2006,7542,7635,7538,7591
5-Feb-2006,7573,7616,7489,7517
6-Feb-2006,7519,7586,7451,7533
7-Feb-2006,7528,7643,7517,7587
8-Feb-2006,7581,7628,7524,7545
9-Feb-2006,7548,7567,7519,7567
10-Feb-2006,7586,7686,7524,7524
11-Feb-2006,7519,7616,7340,7426
12-Feb-2006,7429,7523,7312,7367
13-Feb-2006,7360,7439,7324,7333
14-Feb-2006,7328,7398,7238,7288
15-Feb-2006,7304,7396,7260,7270
16-Feb-2006,7274,7394,7207,7366
17-Feb-2006,7384,7527,7379,7432
18-Feb-2006,7418,7492,7404,7414
19-Feb-2006,7425,7480,7357,7402
20-Feb-2006,7419,7543,7405,7471
21-Feb-2006,7480,7488,7375,7394
22-Feb-2006,7390,7395,7376,7380
23-Feb-2006,7390,7449,7330,7413
24-Feb-2006,7421,7492,7386,7486
25-Feb-2006,7484,7544,7354,7449
26-Feb-2006,7468,7640,7376,7541
27-Feb-2006,7530,7646,7476,7620
28-Feb-2006,7605,7619,7455,7543
1-Mar-2006,7540,7581,7498,7562
2-Mar-2006,7577,7627,7564,7595
3-Mar-2006,7584,7614,7493,7584
4-Mar-2006,7599,7653,7583,7645
5-Mar-2006,7662,7733,7545,7567
6-Mar-2006,7568,7708,7540,7610
7-Mar-2006,7605,7756,7528,7690
8-Mar-2006,7705,7859,7702,7760
9-Mar-2006,7750,7776,7676,7680
10-Mar-2006,7699,7823,7611,7789
11-Mar-2006,7776,7875,7693,7843
12-Mar-2006,7862,7966,7771,7876
13-Mar-2006,7861,7958,7771,7874
14-Mar-2006,7889,7981,7860,7879
15-Mar-2006,7866,7930,7797,7872
16-Mar-2006,7882,7999,7863,7955
17-Mar-2006,7966,8066,7857,7870
18-Mar-2006,7889,7963,7823,7855
19-Mar-2006,7838,7892,7720,7812
20-Mar-2006,7823,7921,7803,7818
21-Mar-2006,7805,7971,7799,7901
22-Mar-2006,7898,8009,7824,7935
23-Mar-2006,7945,8045,7863,8003
24-Mar-2006,7985,8069,7907,8066
25-Mar-2006,8069,8115,7913,7990
26-Mar-2006,7981,8072,7869,7940
27-Mar-2006,7938,8051,7884,7988
28-Mar-2006,7994,8005,7854,7938
29-Mar-2006,7956,8035,7944,7983
30-Mar-2006,8002,8017,7913,7971
31-Mar-2006,7987,8003,7982,7983
1-Apr-2006,7987,8038,7855,7904
2-Apr-2006,7897,8087,7877,7996
3-Apr-2006,8011,8142,7933,8073
4-Apr-2006,8065,8106,7954,8014
5-Apr-2006,7995,8083,7974,8035
6-Apr-2006,8027,8127,7990,8070
7-Apr-2006,8090,8256,8048,8171
8-Apr-2006,8185,8312,8109,8267
9-Apr-2006,8275,8338,8177,8221
10-Apr-2006,8211,8263,8051,8130
11-Apr-2006,8110,8201,7983,8061
12-Apr-2006,8079,8165,8028,8063
13-Apr-2006,8082,8205,8050,8150
14-Apr-2006,8159,8222,8056,8069
15-Apr-2006,8074,8112,7905,7980
16-Apr-2006,7989,8072,7965,7992
17-Apr-2006,7988,8104,7982,8014
18-Apr-2006,7999,8137,7990,8068
19-Apr-2006,8061,8142,8032,8139
20-Apr-2006,8144,8177,8104,8167
21-Apr-2006,8164,8242,8120,8235
22-Apr-2006,8251,8316,8152,8226
23-Apr-2006,8222,8318,8201,8289
24-Apr-2006,8276,8370,8210,8273
25-Apr-2006,8266,8391,8265,8312
26-Apr-2006,8317,8439,8224,8413
27-Apr-2006,8420,8489,8354,8484
28-Apr-2006,8466,8471,8378,8412
29-Apr-2006,8417,8459,8348,8371
30-Apr-2006,8354,8404,8258,8275
1-May-2006,8265,8349,8169,8238
2-May-2006,8219,8303,8088,8136
3-May-2006,8153,8188,8050,8102
4-May-2006,8096,8207,8004,8160
5-May-2006,8179,8245,8172,8205
6-May-2006,8186,8277,8078,8093
7-May-2006,8096,8101,8003,8093
8-May-2006,8080,8115,7952,8046
9-May-2006,8041,8171,7963,8075
10-May-2006,8082,8141,8040,8128
11-May-2006,8112,8120,8065,8097
12-May-2006,8089,8278,8001,8186
13-May-2006,8201,8232,8076,8109
14-May-2006,8128,8251,8123,8209
15-May-2006,8209,8270,8209,8244
16-May-2006,8240,8321,8229,8244
17-May-2006,8232,8310,8169,8277
18-May-2006,8282,8448,8185,8353
19-May-2006,8369,8414,8185,8277
20-May-2006,8270,8342,8179,8335
21-May-2006,8341,8414,8266,8363
22-May-2006,8376,8407,8295,8311
23-May-2006,8306,8400,8282,8322
24-May-2006,8324,8468,8242,8381
25-May-2006,8372,8438,8351,8415
26-May-2006,8421,8461,8287,8367
27-May-2006,8357,8432,8281,8397
28-May-2006,8413,8498,8297,8314
29-May-2006,8330,8389,8268,8302
30-May-2006,8284,8308,8233,8237
31-May-2006,8230,8334,8185,8295
1-Jun-2006,8276,8314,8251,8310
2-Jun-2006,8328,8380,8187,8264
3-Jun-2006,8250,8332,8198,8313
4-Jun-2006,8297,8348,8225,8252
5-Jun-2006,8252,8349,8251,8251
6-Jun-2006,8263,8357,8229,8262
7-Jun-2006,8257,8297,8186,8196
8-Jun-2006,8202,8206,8078,8173
9-Jun-2006,8175,8212,8165,8208
10-Jun-2006,8217,8278,8075,8140
11-Jun-2006,8130,8178,8079,8088
12-Jun-2006,8070,8162,8006,8102
13-Jun-2006,8085,8208,8027,8176
14-Jun-2006,8181,8199,8062,8092
15-Jun-2006,8105,8176,8074,8131
16-Jun-2006,8122,8194,8025,8143
17-Jun-2006,8131,8218,8044,8051
18-Jun-2006,8066,8100,8016,8051
19-Jun-2006,8057,8072,7922,7972
20-Jun-2006,7986,8076,7836,7913
21-Jun-2006,7917,8007,7864,7978
22-Jun-2006,7989,8024,7848,7909
23-Jun-2006,7917,8064,7897,7981
24-Jun-2006,7998,8021,7855,7920
25-Jun-2006,7903,7985,7807,7860
26-Jun-2006,7860,7936,7704,7797
27-Jun-2006,7794,7936,7765,7839
28-Jun-2006,7859,7953,7830,7951
29-Jun-2006,7952,7980,7795,7862
30-Jun-2006,7851,7880,7707,7807
1-Jul-2006,7825,7877,7811,7831
2-Jul-2006,7827,7866,7726,7779
3-Jul-2006,7759,7831,7715,7741
4-Jul-2006,7728,7747,7637,7679
5-Jul-2006,7675,7709,7571,7598
6-Jul-2006,7580,7663,7525,7605
7-Jul-2006,7625,7708,7501,7577
8-Jul-2006,7563,7597,7403,7495
9-Jul-2006,7477,7501,7415,7468
10-Jul-2006,7482,7526,7395,7447
11-Jul-2006,7465,7481,7340,7432
12-Jul-2006,7439,7489,7330,7357
13-Jul-2006,7373,7435,7244,7294
14-Jul-2006,7297,7441,7263,7387
15-Jul-2006,7403,7411,7401,7410
16-Jul-2006,7406,7448,7392,7396
17-Jul-2006,7384,7481,7354,7467
18-Jul-2006,7451,7480,7415,7479
19-Jul-2006,7498,7663,7418,7566
20-Jul-2006,7546,7583,7518,7519
21-Jul-2006,7530,7564,7402,7480
22-Jul-2006,7485,7591,7397,7494
23-Jul-2006,7484,7560,7395,7486
24-Jul-2006,7503,7522,7335,7425
25-Jul-2006,7406,7543,7334,7495
26-Jul-2006,7483,7632,7410,7534
27-Jul-2006,7549,7630,7441,7466
28-Jul-2006,7480,7562,7405,7434
29-Jul-2006,7443,7538,7339,7356
30-Jul-2006,7354,7423,7340,7350
31-Jul-2006,7356,7530,7280,7438
1-Aug-2006,7437,7504,7354,7504
2-Aug-2006,7505,7614,7490,7565
3-Aug-2006,7552,7645,7507,7528
4-Aug-2006,7538,7598,7382,7451
5-Aug-2006,7454,7553,7341,7394
6-Aug-2006,7392,7551,7359,7487
7-Aug-2006,7484,7585,7391,7527
8-Aug-2006,7544,7675,7522,7583
9-Aug-2006,7577,7676,7485,7509
10-Aug-2006,7525,7602,7473,7552
11-Aug-2006,7551,7655,7502,7595
12-Aug-2006,7593,7733,7520,7689
13-Aug-2006,7707,7795,7582,7627
14-Aug-2006,7640,7740,7577,7673
15-Aug-2006,7670,7768,7617,7672
16-Aug-2006,7673,7686,7549,7612
17-Aug-2006,7596,7694,7525,7555
18-Aug-2006,7573,7642,7462,7549
19-Aug-2006,7569,7695,7548,7655
20-Aug-2006,7669,7707,7628,7684
21-Aug-2006,7668,7772,7611,7703
22-Aug-2006,7703,7710,7621,7692
23-Aug-2006,7692,7718,7612,7671
24-Aug-2006,7659,7771,7569,7694
25-Aug-2006,7713,7779,7622,7672
26-Aug-2006,7657,7664,7614,7625
27-Aug-2006,7625,7688,7527,7589
28-Aug-2006,7576,7721,7576,7648
29-Aug-2006,7649,7796,7576,7739
30-Aug-2006,7735,7755,7710,7727
31-Aug-2006,7746,7796,7612,7656
1-Sep-2006,7664,7668,7582,7627
2-Sep-2006,7621,7685,7541,7653
3-Sep-2006,7643,7700,7591,7695
4-Sep-2006,7713,7780,7622,7756
5-Sep-2006,7739,7787,7660,7779
6-Sep-2006,7794,7878,7793,7842
7-Sep-2006,7846,7926,7728,7786
8-Sep-2006,7784,7878,7703,7849
9-Sep-2006,7845,7845,7761,7844
10-Sep-2006,7826,7883,7693,7742
11-Sep-2006,7749,7887,7731,7844
12-Sep-2006,7853,7882,7819,7830
13-Sep-2006,7829,7971,7796,7878
14-Sep-2006,7891,7991,7738,7835
15-Sep-2006,7824,7842,7713,7805
16-Sep-2006,7823,7988,7768,7898
17-Sep-2006,7910,7924,7840,7869
18-Sep-2006,7853,7943,7797,7892
19-Sep-2006,7896,7980,7843,7856
20-Sep-2006,7853,8006,7786,7951
21-Sep-2006,7963,7963,7909,7944
22-Sep-2006,7934,8001,7866,7927
23-Sep-2006,7907,7993,7881,7991
24-Sep-2006,8002,8016,7844,7922
25-Sep-2006,7915,8024,7816,7971
26-Sep-2006,7981,8029,7907,8025
27-Sep-2006,8014,8072,7958,8039
28-Sep-2006,8044,8062,7929,7973
29-Sep-2006,7963,8054,7786,7869
30-Sep-2006,7877,7952,7751,7804
1-Oct-2006,7806,7871,7769,7811
2-Oct-2006,7816,7908,7638,7722
3-Oct-2006,7718,7821,7662,7745
4-Oct-2006,7765,7810,7629,7715
5-Oct-2006,7712,7779,7552,7613
6-Oct-2006,7609,7640,7560,7637
7-Oct-2006,7635,7723,7545,7592
8-Oct-2006,7607,7654,7576,7599
9-Oct-2006,7617,7677,7502,7567
10-Oct-2006,7558,7588,7517,7550
11-Oct-2006,7546,7600,7434,7488
12-Oct-2006,7491,7500,7411,7475
13-Oct-2006,7495,7567,7404,7479
14-Oct-2006,7471,7503,7371,7474
15-Oct-2006,7490,7561,7479,7505
16-Oct-2006,7525,7570,7448,7540
17-Oct-2006,7554,7574,7420,7457
18-Oct-2006,7440,7544,7363,7489
19-Oct-2006,7498,7542,7407,7507
20-Oct-2006,7522,7574,7478,7500
21-Oct-2006,7485,7553,7439,7463
22-Oct-2006,7447,7468,7341,7398
23-Oct-2006,7396,7524,7359,7424
24-Oct-2006,7411,7497,7349,7432
25-Oct-2006,7434,7514,7358,7431
26-Oct-2006,7416,7499,7304,7349
27-Oct-2006,7337,7486,7292,7390
28-Oct-2006,7402,7443,7331,7429
29-Oct-2006,7429,7528,7392,7512
30-Oct-2006,7526,7616,7484,7539
31-Oct-2006,7537,7598,7472,7486
1-Nov-2006,7489,7572,7438,7561
2-Nov-2006,7579,7595,7569,7570
3-Nov-2006,7583,7600,7413,7501
4-Nov-2006,7490,7524,7335,7394
5-Nov-2006,7378,7473,7320,7381
6-Nov-2006,7391,7473,7311,7394
7-Nov-2006,7386,7444,7370,7409
8-Nov-2006,7421,7544,7326,7457
9-Nov-2006,7455,7538,7295,7388
10-Nov-2006,7380,7415,7312,7367
11-Nov-2006,7350,7517,7313,7417
12-Nov-2006,7434,7488,7339,7469
13-Nov-2006,7474,7560,7422,7457
14-Nov-2006,7443,7521,7427,7501
15-Nov-2006,7494,7571,7395,7456
16-Nov-2006,7449,7521,7369,7486
17-Nov-2006,7490,7524,7310,7394
18-Nov-2006,7388,7443,7339,7423
19-Nov-2006,7403,7485,7328,7340
20-Nov-2006,7354,7364,7303,7331
21-Nov-2006,7320,7399,7261,7359
22-Nov-2006,7356,7390,7250,7303
23-Nov-2006,7315,7395,7305,7385
24-Nov-2006,7382,7416,7252,7325
25-Nov-2006,7323,7427,7264,7344
26-Nov-2006,7332,7360,7257,7330
27-Nov-2006,7324,7503,7305,7419
28-Nov-2006,7413,7417,7362,7378
29-Nov-2006,7360,7441,7280,7383
30-Nov-2006,7401,7548,7309,7467
1-Dec-2006,7476,7513,7429,7483
2-Dec-2006,7479,7571,7420,7450
3-Dec-2006,7470,7547,7291,7381
4-Dec-2006,7385,7396,7232,7294
5-Dec-2006,7287,7416,7265,7356
6-Dec-2006,7336,7348,7238,7306
7-Dec-2006,7312,7393,7306,7390
8-Dec-2006,7393,7402,7234,7310
9-Dec-2006,7296,7447,7249,7384
10-Dec-2006,7378,7434,7307,7422
11-Dec-2006,7419,7498,7358,7387
12-Dec-2006,7379,7430,7329,7358
13-Dec-2006,7375,7513,7333,7418
14-Dec-2006,7399,7436,7377,7433
15-Dec-2006,7442,7560,7378,7469
16-Dec-2006,7472,7525,7347,7387
17-Dec-2006,7389,7396,7317,7369
18-Dec-2006,7386,7493,7331,7461
19-Dec-2006,7474,7502,7417,7430
20-Dec-2006,7431,7515,7253,7341
21-Dec-2006,7323,7406,7256,7296
22-Dec-2006,7290,7439,7240,7380
23-Dec-2006,7362,7403,7332,7361
24-Dec-2006,7374,7377,7288,7295
25-Dec-2006,7291,7375,7250,7332
26-Dec-2006,7350,7389,7173,7259
27-Dec-2006,7273,7444,7252,7361
28-Dec-2006,7354,7395,7257,7369
29-Dec-2006,7368,7496,7344,7448
30-Dec-2006,7429,7550,7407,7490
31-Dec-2006,7489,7621,7449,7571
1-Jan-2007,7591,7652,7480,7533
2-Jan-2007,7526,7579,7461,7565
3-Jan-2007,7578,7685,7571,7636
4-Jan-2007,7638,7641,7572,7576
5-Jan-2007,7578,7677,7514,7552
6-Jan-2007,7539,7603,7425,7499
7-Jan-2007,7511,7555,7447,7545
8-Jan-2007,7525,7598,7385,7460
9-Jan-2007,7453,7496,7393,7494
10-Jan-2007,7479,7502,7387,7393
11-Jan-2007,7388,7470,7268,7345
12-Jan-2007,7326,7413,7254,7359
13-Jan-2007,7366,7453,7335,7452
14-Jan-2007,7446,7537,7406,7483
15-Jan-2007,7465,7487,7380,7381
16-Jan-2007,7368,7414,7336,7359
17-Jan-2007,7351,7426,7182,7268
18-Jan-2007,7271,7280,7178,7280
19-Jan-2007,7284,7346,7184,7221
20-Jan-2007,7201,7278,7114,7142
21-Jan-2007,7128,7146,7017,7060
22-Jan-2007,7046,7056,6904,6974
23-Jan-2007,6984,7100,6929,7057
24-Jan-2007,7077,7176,6941,7036
25-Jan-2007,7050,7056,6940,6978
26-Jan-2007,6998,7072,6942,7065
27-Jan-2007,7060,7084,6884,6974
28-Jan-2007,6962,7007,6812,6882
29-Jan-2007,6891,6908,6881,6888
30-Jan-2007,6868,6883,6770,6871
31-Jan-2007,6867,6976,6781,6922
1-Feb-2007,6903,6992,6794,6811
2-Feb-2007,6812,6859,6701,6744
3-Feb-2007,6742,6791,6702,6723
4-Feb-2007,6721,6735,6608,6641
5-Feb-2007,6661,6680,6579,6607
6-Feb-2007,6599,6674,6438,6529
7-Feb-2007,6538,6538,6463,6484
8-Feb-2007,6485,6567,6345,6433
9-Feb-2007,6413,6534,6316,6499
10-Feb-2007,6491,6562,6421,6450
11-Feb-2007,6446,6540,6332,6362
12-Feb-2007,6360,6532,6312,6432
13-Feb-2007,6425,6454,6320,6409
14-Feb-2007,6398,6477,6331,6388
15-Feb-2007,6403,6431,6362,6397
16-Feb-2007,6411,6468,6385,6411
17-Feb-2007,6411,6544,6356,6480
18-Feb-2007,6474,6568,6345,6380
19-Feb-2007,6388,6408,6310,6373
20-Feb-2007,6380,6565,6287,6465
21-Feb-2007,6472,6543,6462,6487
22-Feb-2007,6468,6535,6278,6368
23-Feb-2007,6349,6439,6260,6277
24-Feb-2007,6281,6355,6212,6233
25-Feb-2007,6243,6309,6223,6295
26-Feb-2007,6308,6435,6242,6389
27-Feb-2007,6409,6466,6312,6315
28-Feb-2007,6317,6420,6305,6366
1-Mar-2007,6370,6521,6336,6433
2-Mar-2007,6424,6484,6253,6353
3-Mar-2007,6367,6433,6219,6293
4-Mar-2007,6285,6381,6130,6207
5-Mar-2007,6190,6254,6088,6155
