Date,Ћn’l,Ќ‚’l,€А’l,ЏI’l
2-May-00,2500,2600,2400,2494
3-May-00,2487,2507,2305,2397
4-May-00,2398,2458,2288,2377
5-May-00,2396,2398,2249,2316
6-May-00,2303,2402,2262,2342
7-May-00,2359,2436,2228,2313
8-May-00,2302,2358,2250,2285
9-May-00,2279,2351,2192,2302
10-May-00,2303,2407,2294,2349
11-May-00,2337,2437,2290,2417
12-May-00,2435,2543,2350,2473
13-May-00,2466,2537,2430,2498
14-May-00,2479,2493,2339,2439
15-May-00,2448,2485,2325,2403
16-May-00,2413,2507,2370,2457
17-May-00,2473,2554,2440,2487
18-May-00,2485,2601,2455,2536
19-May-00,2555,2621,2447,2506
20-May-00,2491,2605,2415,2519
21-May-00,2513,2532,2349,2434
22-May-00,2452,2621,2398,2544
23-May-00,2538,2602,2489,2584
24-May-00,2601,2671,2515,2633
25-May-00,2638,2704,2539,2556
26-May-00,2566,2640,2537,2573
27-May-00,2578,2592,2489,2573
28-May-00,2591,2689,2572,2611
29-May-00,2631,2643,2529,2581
30-May-00,2578,2661,2509,2657
31-May-00,2651,2738,2588,2688
1-Jun-00,2684,2747,2597,2620
2-Jun-00,2621,2687,2531,2655
3-Jun-00,2642,2782,2633,2703
4-Jun-00,2717,2786,2629,2635
5-Jun-00,2647,2667,2577,2578
6-Jun-00,2585,2631,2508,2541
7-Jun-00,2540,2546,2485,2494
8-Jun-00,2480,2607,2406,2523
9-Jun-00,2512,2613,2461,2585
10-Jun-00,2587,2662,2530,2643
11-Jun-00,2636,2771,2601,2736
12-Jun-00,2724,2879,2672,2779
13-Jun-00,2793,2887,2736,2846
14-Jun-00,2835,2941,2735,2859
15-Jun-00,2866,3051,2856,2956
16-Jun-00,2946,3008,2890,2998
17-Jun-00,2992,3089,2811,2895
18-Jun-00,2900,2988,2889,2940
19-Jun-00,2935,3017,2816,2856
20-Jun-00,2858,2895,2844,2861
21-Jun-00,2845,2923,2717,2761
22-Jun-00,2757,2817,2693,2752
23-Jun-00,2758,2767,2618,2701
24-Jun-00,2684,2737,2584,2693
25-Jun-00,2702,2772,2606,2731
26-Jun-00,2728,2813,2705,2710
27-Jun-00,2718,2834,2672,2768
28-Jun-00,2776,2780,2656,2751
29-Jun-00,2740,2774,2580,2678
30-Jun-00,2683,2776,2605,2742
1-Jul-00,2740,2813,2660,2813
2-Jul-00,2805,2860,2750,2834
3-Jul-00,2815,2963,2777,2881
4-Jul-00,2891,3077,2831,2984
5-Jul-00,2965,2973,2831,2865
6-Jul-00,2877,2971,2834,2889
7-Jul-00,2887,2922,2793,2919
8-Jul-00,2906,2948,2887,2888
9-Jul-00,2906,3014,2851,2973
10-Jul-00,2966,3104,2929,3052
11-Jul-00,3062,3124,2989,3029
12-Jul-00,3045,3135,2967,3033
13-Jul-00,3040,3109,2960,3058
14-Jul-00,3075,3145,3049,3117
15-Jul-00,3128,3243,3029,3143
16-Jul-00,3161,3212,3140,3172
17-Jul-00,3175,3194,3139,3188
18-Jul-00,3198,3267,3052,3115
19-Jul-00,3103,3103,2978,3055
20-Jul-00,3066,3161,2988,3083
21-Jul-00,3065,3186,2997,3128
22-Jul-00,3134,3223,3044,3102
23-Jul-00,3112,3199,3050,3160
24-Jul-00,3142,3209,3103,3192
25-Jul-00,3207,3264,3099,3171
26-Jul-00,3154,3323,3141,3236
27-Jul-00,3244,3323,3236,3287
28-Jul-00,3271,3347,3181,3266
29-Jul-00,3276,3402,3252,3331
30-Jul-00,3333,3453,3321,3400
31-Jul-00,3406,3474,3214,3306
1-Aug-00,3298,3391,3244,3372
2-Aug-00,3384,3473,3354,3364
3-Aug-00,3359,3487,3336,3418
4-Aug-00,3435,3506,3343,3503
5-Aug-00,3488,3636,3457,3567
6-Aug-00,3578,3643,3506,3636
7-Aug-00,3653,3732,3641,3683
8-Aug-00,3677,3767,3525,3578
9-Aug-00,3563,3619,3505,3562
10-Aug-00,3575,3615,3457,3512
11-Aug-00,3499,3509,3405,3418
12-Aug-00,3428,3552,3414,3479
13-Aug-00,3491,3602,3463,3520
14-Aug-00,3504,3569,3433,3511
15-Aug-00,3517,3610,3515,3535
16-Aug-00,3527,3617,3458,3523
17-Aug-00,3504,3555,3438,3512
18-Aug-00,3500,3544,3433,3544
19-Aug-00,3553,3649,3473,3614
20-Aug-00,3625,3713,3567,3574
21-Aug-00,3586,3755,3556,3682
22-Aug-00,3689,3725,3609,3717
23-Aug-00,3728,3744,3635,3679
24-Aug-00,3675,3726,3644,3692
25-Aug-00,3700,3705,3534,3609
26-Aug-00,3619,3715,3590,3637
27-Aug-00,3617,3625,3506,3606
28-Aug-00,3612,3719,3535,3679
29-Aug-00,3689,3691,3576,3670
30-Aug-00,3653,3820,3625,3720
31-Aug-00,3705,3801,3546,3643
1-Sep-00,3660,3759,3619,3720
2-Sep-00,3713,3761,3565,3637
3-Sep-00,3653,3728,3564,3618
4-Sep-00,3629,3684,3558,3646
5-Sep-00,3660,3719,3512,3612
6-Sep-00,3602,3645,3487,3508
7-Sep-00,3491,3537,3469,3518
8-Sep-00,3500,3650,3416,3561
9-Sep-00,3572,3604,3568,3582
10-Sep-00,3597,3617,3429,3517
11-Sep-00,3521,3581,3378,3466
12-Sep-00,3455,3501,3330,3407
13-Sep-00,3395,3432,3336,3407
14-Sep-00,3421,3502,3340,3377
15-Sep-00,3380,3442,3262,3311
16-Sep-00,3329,3410,3170,3255
17-Sep-00,3247,3261,3087,3178
18-Sep-00,3183,3214,3042,3099
19-Sep-00,3104,3203,2977,3026
20-Sep-00,3044,3178,3027,3131
21-Sep-00,3141,3191,3014,3111
22-Sep-00,3122,3209,3105,3140
23-Sep-00,3140,3188,3029,3108
24-Sep-00,3099,3101,3007,3082
25-Sep-00,3094,3169,3070,3091
26-Sep-00,3094,3153,3004,3083
27-Sep-00,3094,3179,2917,3009
28-Sep-00,2992,3013,2901,2987
29-Sep-00,2989,3098,2902,3054
30-Sep-00,3073,3121,2983,2988
1-Oct-00,2986,3049,2886,3023
2-Oct-00,3004,3077,2917,3007
3-Oct-00,3004,3057,2917,2953
4-Oct-00,2972,2994,2862,2901
5-Oct-00,2885,2963,2796,2848
6-Oct-00,2829,2905,2751,2852
7-Oct-00,2871,2938,2803,2890
8-Oct-00,2873,2964,2863,2888
9-Oct-00,2907,3072,2873,2972
10-Oct-00,2962,2977,2864,2968
11-Oct-00,2971,2992,2869,2872
12-Oct-00,2885,2969,2756,2847
13-Oct-00,2861,2989,2799,2928
14-Oct-00,2929,2986,2877,2916
15-Oct-00,2909,2984,2872,2931
16-Oct-00,2915,2944,2751,2823
17-Oct-00,2832,2874,2817,2825
18-Oct-00,2834,2914,2806,2821
19-Oct-00,2836,2929,2784,2860
20-Oct-00,2880,2912,2807,2835
21-Oct-00,2855,2896,2754,2801
22-Oct-00,2811,2855,2721,2776
23-Oct-00,2784,2956,2742,2868
24-Oct-00,2854,2927,2848,2886
25-Oct-00,2899,2939,2859,2893
26-Oct-00,2882,2916,2762,2843
27-Oct-00,2832,2902,2716,2810
28-Oct-00,2812,2866,2750,2796
29-Oct-00,2804,2810,2652,2725
30-Oct-00,2712,2793,2594,2664
31-Oct-00,2666,2687,2637,2672
1-Nov-00,2673,2798,2659,2709
2-Nov-00,2693,2792,2661,2757
3-Nov-00,2776,2853,2719,2806
4-Nov-00,2794,2862,2692,2782
5-Nov-00,2801,2934,2742,2848
6-Nov-00,2833,2925,2779,2804
7-Nov-00,2801,2857,2786,2824
8-Nov-00,2822,2894,2695,2772
9-Nov-00,2766,2827,2675,2790
10-Nov-00,2793,2848,2721,2813
11-Nov-00,2820,2821,2750,2768
12-Nov-00,2772,2864,2632,2683
13-Nov-00,2684,2784,2658,2694
14-Nov-00,2691,2784,2622,2771
15-Nov-00,2756,2829,2674,2715
16-Nov-00,2716,2805,2590,2673
17-Nov-00,2669,2740,2480,2576
18-Nov-00,2559,2627,2415,2498
19-Nov-00,2509,2639,2488,2564
20-Nov-00,2562,2606,2431,2477
21-Nov-00,2485,2574,2373,2417
22-Nov-00,2427,2464,2296,2374
23-Nov-00,2381,2446,2282,2340
24-Nov-00,2335,2430,2144,2236
25-Nov-00,2248,2336,2086,2186
26-Nov-00,2201,2207,2083,2161
27-Nov-00,2151,2246,2094,2218
28-Nov-00,2200,2327,2128,2263
29-Nov-00,2274,2347,2192,2259
30-Nov-00,2256,2382,2217,2337
1-Dec-00,2340,2440,2260,2324
2-Dec-00,2344,2442,2268,2421
3-Dec-00,2402,2423,2294,2352
4-Dec-00,2369,2443,2288,2431
5-Dec-00,2438,2500,2301,2350
6-Dec-00,2350,2371,2295,2313
7-Dec-00,2311,2381,2247,2367
8-Dec-00,2373,2460,2295,2438
9-Dec-00,2443,2504,2321,2367
10-Dec-00,2357,2401,2203,2279
11-Dec-00,2285,2313,2276,2301
12-Dec-00,2303,2460,2249,2380
13-Dec-00,2381,2531,2367,2457
14-Dec-00,2441,2451,2323,2396
15-Dec-00,2402,2499,2313,2466
16-Dec-00,2472,2520,2382,2468
17-Dec-00,2488,2532,2405,2458
18-Dec-00,2472,2517,2429,2477
19-Dec-00,2487,2585,2379,2417
20-Dec-00,2425,2472,2328,2340
21-Dec-00,2343,2438,2252,2381
22-Dec-00,2381,2450,2366,2387
23-Dec-00,2397,2482,2315,2360
24-Dec-00,2347,2425,2154,2252
25-Dec-00,2258,2313,2178,2264
26-Dec-00,2274,2392,2271,2351
27-Dec-00,2369,2375,2279,2362
28-Dec-00,2380,2383,2268,2360
29-Dec-00,2350,2521,2269,2440
30-Dec-00,2444,2478,2352,2412
31-Dec-00,2403,2494,2304,2352
1-Jan-01,2357,2424,2268,2320
2-Jan-01,2314,2324,2208,2222
3-Jan-01,2235,2259,2082,2141
4-Jan-01,2121,2161,2071,2120
5-Jan-01,2129,2175,2053,2162
6-Jan-01,2153,2193,2141,2147
7-Jan-01,2133,2251,2092,2208
8-Jan-01,2217,2308,2215,2253
9-Jan-01,2272,2300,2200,2219
10-Jan-01,2209,2289,2099,2186
11-Jan-01,2188,2259,2115,2156
12-Jan-01,2148,2327,2092,2227
13-Jan-01,2207,2239,2050,2120
14-Jan-01,2109,2119,2015,2025
15-Jan-01,2045,2082,1926,2008
16-Jan-01,2013,2014,1994,1998
17-Jan-01,1980,2076,1935,1994
18-Jan-01,2006,2053,1903,1993
19-Jan-01,2009,2064,1894,1978
20-Jan-01,1962,2062,1854,1946
21-Jan-01,1958,2134,1937,2035
22-Jan-01,2023,2096,1910,1925
23-Jan-01,1910,2001,1752,1836
24-Jan-01,1852,1949,1828,1929
25-Jan-01,1930,2015,1830,2015
26-Jan-01,2011,2014,1841,1913
27-Jan-01,1909,2045,1906,1986
28-Jan-01,1994,2035,1852,1902
29-Jan-01,1914,1960,1869,1944
30-Jan-01,1950,2084,1850,2006
31-Jan-01,2016,2098,1963,1979
1-Feb-01,1994,2162,1966,2083
2-Feb-01,2097,2138,1977,2024
3-Feb-01,2027,2125,1950,1982
4-Feb-01,1979,2038,1867,1946
5-Feb-01,1965,2092,1882,2007
6-Feb-01,1987,2041,1872,1909
7-Feb-01,1899,1997,1824,1967
8-Feb-01,1973,2027,1937,1991
9-Feb-01,1982,2066,1963,2038
10-Feb-01,2055,2124,1939,1968
11-Feb-01,1973,2044,1829,1903
12-Feb-01,1907,1907,1791,1828
13-Feb-01,1828,1954,1736,1923
14-Feb-01,1943,2078,1914,2025
15-Feb-01,2039,2058,1937,1988
16-Feb-01,1983,2080,1958,2034
17-Feb-01,2036,2116,1993,2109
18-Feb-01,2101,2140,2011,2074
19-Feb-01,2094,2250,2028,2184
20-Feb-01,2195,2280,2090,2164
21-Feb-01,2172,2290,2171,2204
22-Feb-01,2195,2294,2164,2248
23-Feb-01,2236,2352,2221,2252
24-Feb-01,2269,2417,2180,2354
25-Feb-01,2343,2343,2260,2303
26-Feb-01,2296,2356,2267,2337
27-Feb-01,2357,2423,2246,2340
28-Feb-01,2320,2413,2283,2331
1-Mar-01,2325,2347,2216,2226
2-Mar-01,2227,2355,2218,2259
3-Mar-01,2270,2324,2232,2253
4-Mar-01,2243,2263,2193,2205
5-Mar-01,2190,2239,2095,2204
6-Mar-01,2218,2315,2174,2232
7-Mar-01,2215,2254,2107,2131
8-Mar-01,2117,2123,1963,2040
9-Mar-01,2023,2032,1887,1967
10-Mar-01,1959,2046,1924,2045
11-Mar-01,2053,2112,2043,2097
12-Mar-01,2108,2169,1984,2070
13-Mar-01,2054,2148,2042,2106
14-Mar-01,2092,2145,2020,2023
15-Mar-01,2034,2102,1916,1980
16-Mar-01,1975,2032,1867,1891
17-Mar-01,1872,1875,1710,1772
18-Mar-01,1785,1826,1664,1740
19-Mar-01,1754,1758,1596,1677
20-Mar-01,1665,1732,1517,1596
21-Mar-01,1589,1667,1525,1561
22-Mar-01,1552,1603,1506,1600
23-Mar-01,1587,1687,1493,1542
24-Mar-01,1553,1668,1527,1613
25-Mar-01,1594,1703,1525,1634
26-Mar-01,1624,1625,1449,1536
27-Mar-01,1532,1545,1501,1507
28-Mar-01,1510,1604,1484,1530
29-Mar-01,1523,1569,1448,1484
30-Mar-01,1477,1552,1458,1496
31-Mar-01,1512,1641,1414,1595
1-Apr-01,1610,1612,1534,1580
2-Apr-01,1576,1578,1470,1510
3-Apr-01,1527,1561,1490,1510
4-Apr-01,1505,1572,1392,1442
5-Apr-01,1430,1440,1253,1341
6-Apr-01,1357,1456,1313,1435
7-Apr-01,1437,1451,1354,1402
8-Apr-01,1389,1413,1330,1392
9-Apr-01,1381,1502,1333,1475
10-Apr-01,1471,1495,1371,1372
11-Apr-01,1379,1405,1279,1355
12-Apr-01,1353,1405,1331,1365
13-Apr-01,1379,1424,1314,1330
14-Apr-01,1323,1332,1283,1303
15-Apr-01,1290,1436,1241,1338
16-Apr-01,1351,1424,1315,1316
17-Apr-01,1330,1461,1252,1418
18-Apr-01,1410,1530,1362,1473
19-Apr-01,1464,1565,1439,1529
20-Apr-01,1509,1657,1426,1594
21-Apr-01,1593,1643,1463,1505
22-Apr-01,1487,1594,1410,1511
23-Apr-01,1495,1549,1416,1535
24-Apr-01,1532,1655,1480,1584
25-Apr-01,1590,1646,1565,1639
26-Apr-01,1647,1740,1577,1701
27-Apr-01,1703,1778,1617,1706
28-Apr-01,1698,1791,1613,1737
29-Apr-01,1738,1749,1657,1745
30-Apr-01,1755,1924,1742,1834
1-May-01,1840,1886,1819,1835
2-May-01,1834,1887,1757,1789
3-May-01,1784,1804,1659,1757
4-May-01,1765,1866,1737,1806
5-May-01,1818,1851,1761,1842
6-May-01,1850,1897,1827,1877
7-May-01,1863,1957,1813,1896
8-May-01,1891,1987,1781,1806
9-May-01,1801,1890,1738,1774
10-May-01,1775,1817,1705,1765
11-May-01,1756,1807,1664,1732
12-May-01,1738,1777,1710,1722
13-May-01,1741,1868,1706,1808
14-May-01,1824,1856,1676,1773
15-May-01,1770,1804,1745,1755
16-May-01,1753,1844,1573,1665
17-May-01,1648,1731,1569,1625
18-May-01,1627,1752,1561,1680
19-May-01,1692,1700,1627,1657
20-May-01,1640,1755,1584,1659
21-May-01,1672,1818,1584,1771
22-May-01,1758,1798,1672,1730
23-May-01,1728,1872,1643,1796
24-May-01,1781,1904,1746,1864
25-May-01,1846,1985,1806,1929
26-May-01,1909,1929,1775,1823
27-May-01,1812,1834,1732,1801
28-May-01,1792,1973,1768,1884
29-May-01,1879,1879,1821,1857
30-May-01,1855,1874,1747,1805
31-May-01,1822,1984,1789,1888
1-Jun-01,1892,1988,1795,1863
2-Jun-01,1861,1879,1835,1867
3-Jun-01,1855,1929,1854,1927
4-Jun-01,1907,1932,1752,1811
5-Jun-01,1795,1807,1648,1744
6-Jun-01,1735,1919,1696,1829
7-Jun-01,1845,1916,1833,1901
8-Jun-01,1891,2040,1812,1951
9-Jun-01,1937,1944,1783,1863
10-Jun-01,1869,1886,1858,1874
11-Jun-01,1864,1947,1791,1929
12-Jun-01,1935,2026,1799,1839
13-Jun-01,1835,1910,1740,1792
14-Jun-01,1794,1922,1754,1829
15-Jun-01,1841,1895,1818,1878
16-Jun-01,1860,1926,1823,1920
17-Jun-01,1904,2054,1875,1970
18-Jun-01,1981,2025,1960,2013
19-Jun-01,2025,2160,1963,2076
20-Jun-01,2093,2142,2015,2083
21-Jun-01,2096,2193,1908,1997
22-Jun-01,1989,2063,1932,1962
23-Jun-01,1945,2024,1935,1976
24-Jun-01,1987,2074,1935,2001
25-Jun-01,2016,2083,1902,1968
26-Jun-01,1959,2004,1924,1942
27-Jun-01,1944,2059,1902,2034
28-Jun-01,2040,2098,1914,1942
29-Jun-01,1960,1964,1862,1948
30-Jun-01,1929,2000,1797,1893
1-Jul-01,1907,1932,1883,1905
2-Jul-01,1897,1976,1848,1885
3-Jul-01,1883,1933,1855,1891
4-Jul-01,1885,1900,1864,1875
5-Jul-01,1882,1903,1777,1855
6-Jul-01,1857,1918,1738,1771
7-Jul-01,1766,1947,1694,1852
8-Jul-01,1870,1949,1829,1913
9-Jul-01,1914,1968,1815,1906
10-Jul-01,1913,2057,1867,1992
11-Jul-01,2011,2059,1908,1925
12-Jul-01,1932,2005,1890,1914
13-Jul-01,1908,1961,1748,1847
14-Jul-01,1861,1921,1756,1830
15-Jul-01,1822,1848,1785,1805
16-Jul-01,1811,1933,1741,1911
17-Jul-01,1923,1963,1799,1870
18-Jul-01,1857,1898,1804,1889
19-Jul-01,1870,1903,1854,1861
20-Jul-01,1875,1907,1783,1796
21-Jul-01,1795,1855,1689,1789
22-Jul-01,1792,1922,1711,1835
23-Jul-01,1846,1978,1840,1926
24-Jul-01,1909,1952,1826,1940
25-Jul-01,1955,1965,1875,1924
26-Jul-01,1914,2013,1795,1849
27-Jul-01,1840,1889,1751,1875
28-Jul-01,1889,1963,1761,1792
29-Jul-01,1781,1785,1663,1744
30-Jul-01,1731,1804,1629,1683
31-Jul-01,1677,1721,1582,1695
1-Aug-01,1709,1727,1540,1615
2-Aug-01,1610,1637,1521,1547
3-Aug-01,1529,1614,1418,1485
4-Aug-01,1491,1573,1444,1544
5-Aug-01,1544,1636,1536,1596
6-Aug-01,1604,1756,1587,1692
7-Aug-01,1678,1756,1589,1640
8-Aug-01,1644,1780,1606,1708
9-Aug-01,1698,1737,1563,1646
10-Aug-01,1630,1725,1555,1619
11-Aug-01,1635,1685,1591,1611
12-Aug-01,1597,1743,1597,1649
13-Aug-01,1661,1739,1555,1583
14-Aug-01,1573,1746,1573,1669
15-Aug-01,1660,1694,1597,1608
16-Aug-01,1603,1659,1520,1622
17-Aug-01,1623,1683,1536,1671
18-Aug-01,1668,1762,1574,1693
19-Aug-01,1709,1831,1695,1763
20-Aug-01,1773,1859,1686,1763
21-Aug-01,1750,1782,1737,1781
22-Aug-01,1785,1945,1743,1848
23-Aug-01,1845,1968,1792,1925
24-Aug-01,1911,2019,1882,1923
25-Aug-01,1914,1963,1902,1906
26-Aug-01,1897,1997,1799,1913
27-Aug-01,1893,1990,1839,1961
28-Aug-01,1960,2049,1841,1931
29-Aug-01,1951,2039,1858,1892
30-Aug-01,1898,2007,1824,1992
31-Aug-01,1996,2113,1975,2060
1-Sep-01,2048,2129,1902,1985
2-Sep-01,1975,2022,1907,1966
3-Sep-01,1959,1975,1918,1940
4-Sep-01,1960,2106,1862,2048
5-Sep-01,2033,2144,1937,2047
6-Sep-01,2030,2068,1985,2067
7-Sep-01,2077,2140,2069,2113
8-Sep-01,2105,2110,2036,2040
9-Sep-01,2054,2070,1965,2012
10-Sep-01,2006,2011,1960,1995
11-Sep-01,1980,2066,1922,2062
12-Sep-01,2065,2090,1997,2043
13-Sep-01,2028,2066,1935,2037
14-Sep-01,2056,2116,1967,1980
15-Sep-01,1964,2023,1877,1998
16-Sep-01,2009,2099,1870,1937
17-Sep-01,1946,1988,1827,1899
18-Sep-01,1903,1904,1765,1812
19-Sep-01,1804,1883,1761,1838
20-Sep-01,1824,1911,1688,1726
21-Sep-01,1718,1743,1649,1731
22-Sep-01,1741,1858,1673,1779
23-Sep-01,1787,1854,1693,1696
24-Sep-01,1682,1784,1629,1710
25-Sep-01,1693,1794,1622,1723
26-Sep-01,1725,1725,1659,1724
27-Sep-01,1736,1886,1692,1820
28-Sep-01,1832,1926,1738,1772
29-Sep-01,1782,1866,1665,1750
30-Sep-01,1746,1812,1611,1709
1-Oct-01,1707,1732,1634,1723
2-Oct-01,1703,1854,1662,1782
3-Oct-01,1785,1858,1696,1785
4-Oct-01,1803,1882,1724,1733
5-Oct-01,1752,1881,1703,1783
6-Oct-01,1773,1877,1752,1814
7-Oct-01,1828,1874,1743,1752
8-Oct-01,1772,1834,1666,1696
9-Oct-01,1699,1795,1568,1647
10-Oct-01,1647,1677,1480,1570
11-Oct-01,1550,1663,1533,1600
12-Oct-01,1590,1768,1558,1683
13-Oct-01,1697,1711,1584,1628
14-Oct-01,1634,1754,1545,1668
15-Oct-01,1677,1818,1629,1759
16-Oct-01,1746,1807,1640,1646
17-Oct-01,1633,1709,1617,1675
18-Oct-01,1655,1781,1597,1732
19-Oct-01,1743,1832,1646,1727
20-Oct-01,1739,1850,1675,1785
21-Oct-01,1774,1849,1761,1778
22-Oct-01,1777,1811,1673,1718
23-Oct-01,1720,1854,1691,1808
24-Oct-01,1793,1878,1751,1781
25-Oct-01,1788,1938,1713,1887
26-Oct-01,1872,1908,1805,1863
27-Oct-01,1874,1891,1763,1774
28-Oct-01,1755,1875,1663,1824
29-Oct-01,1804,1839,1644,1710
30-Oct-01,1697,1796,1594,1613
31-Oct-01,1618,1741,1557,1659
1-Nov-01,1679,1788,1641,1770
2-Nov-01,1768,1824,1759,1760
3-Nov-01,1748,1915,1666,1826
4-Nov-01,1815,1841,1625,1716
5-Nov-01,1735,1780,1595,1663
6-Nov-01,1657,1787,1650,1728
7-Nov-01,1728,1794,1541,1640
8-Nov-01,1620,1700,1442,1522
9-Nov-01,1508,1520,1479,1481
10-Nov-01,1495,1571,1468,1520
11-Nov-01,1534,1628,1469,1589
12-Nov-01,1592,1615,1582,1594
13-Nov-01,1607,1700,1491,1529
14-Nov-01,1515,1545,1377,1450
15-Nov-01,1470,1566,1321,1374
16-Nov-01,1382,1499,1338,1471
17-Nov-01,1464,1563,1311,1380
18-Nov-01,1379,1437,1267,1284
19-Nov-01,1288,1340,1216,1222
20-Nov-01,1219,1317,1199,1255
21-Nov-01,1238,1271,1171,1258
22-Nov-01,1254,1427,1168,1343
23-Nov-01,1339,1488,1275,1395
24-Nov-01,1391,1391,1310,1380
25-Nov-01,1381,1439,1288,1397
26-Nov-01,1404,1434,1382,1412
27-Nov-01,1411,1447,1260,1358
28-Nov-01,1364,1414,1271,1384
29-Nov-01,1379,1459,1222,1293
30-Nov-01,1295,1353,1238,1308
1-Dec-01,1311,1390,1272,1390
2-Dec-01,1410,1472,1344,1457
3-Dec-01,1439,1458,1325,1350
4-Dec-01,1350,1426,1264,1298
5-Dec-01,1301,1394,1293,1390
6-Dec-01,1378,1442,1242,1326
7-Dec-01,1332,1494,1293,1407
8-Dec-01,1388,1446,1239,1307
9-Dec-01,1289,1420,1190,1373
10-Dec-01,1353,1406,1269,1339
11-Dec-01,1342,1413,1298,1353
12-Dec-01,1334,1409,1260,1274
13-Dec-01,1281,1306,1152,1216
14-Dec-01,1233,1315,1042,1133
15-Dec-01,1153,1254,1079,1239
16-Dec-01,1247,1354,1194,1312
17-Dec-01,1298,1326,1230,1302
18-Dec-01,1286,1377,1195,1280
19-Dec-01,1295,1415,1238,1364
20-Dec-01,1360,1400,1213,1307
21-Dec-01,1324,1380,1206,1251
22-Dec-01,1259,1290,1154,1198
23-Dec-01,1212,1323,1128,1284
24-Dec-01,1274,1383,1188,1351
25-Dec-01,1347,1459,1263,1403
26-Dec-01,1385,1433,1268,1296
27-Dec-01,1299,1406,1208,1310
28-Dec-01,1314,1373,1280,1365
29-Dec-01,1353,1459,1323,1400
30-Dec-01,1409,1510,1337,1422
31-Dec-01,1422,1504,1397,1453
1-Jan-02,1446,1570,1435,1496
2-Jan-02,1485,1535,1469,1475
3-Jan-02,1472,1539,1424,1449
4-Jan-02,1460,1478,1384,1465
5-Jan-02,1465,1504,1429,1459
6-Jan-02,1449,1486,1386,1388
7-Jan-02,1405,1512,1372,1420
8-Jan-02,1418,1445,1305,1365
9-Jan-02,1363,1379,1322,1353
10-Jan-02,1341,1415,1297,1396
11-Jan-02,1397,1545,1327,1488
12-Jan-02,1493,1513,1470,1502
13-Jan-02,1503,1553,1384,1433
14-Jan-02,1415,1464,1390,1447
15-Jan-02,1464,1517,1456,1476
16-Jan-02,1472,1534,1331,1388
17-Jan-02,1392,1473,1296,1326
18-Jan-02,1334,1445,1334,1388
19-Jan-02,1386,1486,1251,1335
20-Jan-02,1340,1388,1247,1255
21-Jan-02,1241,1384,1143,1313
22-Jan-02,1310,1408,1282,1380
23-Jan-02,1380,1395,1252,1288
24-Jan-02,1288,1370,1170,1255
25-Jan-02,1252,1353,1181,1287
26-Jan-02,1301,1375,1230,1312
27-Jan-02,1300,1362,1297,1349
28-Jan-02,1350,1373,1307,1327
29-Jan-02,1313,1424,1269,1368
30-Jan-02,1369,1448,1219,1308
31-Jan-02,1324,1403,1310,1364
1-Feb-02,1378,1395,1311,1383
2-Feb-02,1388,1396,1366,1385
3-Feb-02,1391,1507,1333,1411
4-Feb-02,1423,1480,1369,1455
5-Feb-02,1444,1487,1334,1368
6-Feb-02,1388,1480,1328,1342
7-Feb-02,1345,1414,1236,1252
8-Feb-02,1235,1286,1200,1254
9-Feb-02,1273,1373,1227,1290
10-Feb-02,1289,1292,1130,1210
11-Feb-02,1202,1268,1146,1204
12-Feb-02,1224,1302,1115,1143
13-Feb-02,1155,1271,1131,1194
14-Feb-02,1212,1302,1160,1230
15-Feb-02,1245,1265,1100,1168
16-Feb-02,1153,1258,1066,1250
17-Feb-02,1248,1401,1246,1307
18-Feb-02,1301,1413,1251,1346
19-Feb-02,1346,1425,1322,1389
20-Feb-02,1386,1441,1251,1349
21-Feb-02,1368,1536,1305,1457
22-Feb-02,1466,1596,1382,1562
23-Feb-02,1566,1676,1476,1577
24-Feb-02,1584,1726,1510,1656
25-Feb-02,1649,1743,1491,1588
26-Feb-02,1599,1662,1511,1643
27-Feb-02,1645,1726,1629,1647
28-Feb-02,1663,1717,1632,1704
1-Mar-02,1713,1742,1595,1621
2-Mar-02,1606,1632,1508,1559
3-Mar-02,1551,1562,1487,1531
4-Mar-02,1528,1604,1369,1457
5-Mar-02,1470,1488,1360,1404
6-Mar-02,1390,1424,1258,1292
7-Mar-02,1281,1357,1218,1338
8-Mar-02,1330,1469,1242,1394
9-Mar-02,1410,1430,1317,1375
10-Mar-02,1388,1509,1324,1442
11-Mar-02,1423,1520,1400,1402
12-Mar-02,1401,1585,1380,1491
13-Mar-02,1483,1627,1473,1577
14-Mar-02,1569,1611,1551,1556
15-Mar-02,1572,1694,1502,1647
16-Mar-02,1663,1679,1600,1635
17-Mar-02,1630,1653,1586,1593
18-Mar-02,1601,1667,1476,1557
19-Mar-02,1550,1582,1372,1471
20-Mar-02,1478,1504,1402,1461
21-Mar-02,1451,1459,1414,1422
22-Mar-02,1436,1503,1435,1437
23-Mar-02,1429,1503,1424,1458
24-Mar-02,1441,1622,1422,1533
25-Mar-02,1526,1591,1349,1435
26-Mar-02,1424,1502,1302,1396
27-Mar-02,1386,1458,1277,1313
28-Mar-02,1314,1372,1270,1298
29-Mar-02,1299,1410,1229,1363
30-Mar-02,1377,1381,1355,1381
31-Mar-02,1370,1460,1237,1317
1-Apr-02,1327,1436,1255,1417
2-Apr-02,1436,1523,1359,1457
3-Apr-02,1448,1515,1382,1399
4-Apr-02,1412,1440,1390,1439
5-Apr-02,1457,1486,1329,1405
6-Apr-02,1400,1554,1382,1468
7-Apr-02,1450,1452,1403,1414
8-Apr-02,1401,1516,1365,1437
9-Apr-02,1454,1501,1344,1430
10-Apr-02,1413,1571,1369,1501
11-Apr-02,1481,1594,1411,1507
12-Apr-02,1492,1552,1458,1534
13-Apr-02,1528,1537,1381,1478
14-Apr-02,1490,1600,1438,1558
15-Apr-02,1562,1648,1416,1507
16-Apr-02,1521,1580,1464,1471
17-Apr-02,1457,1511,1315,1371
18-Apr-02,1375,1440,1302,1386
19-Apr-02,1389,1546,1289,1461
20-Apr-02,1452,1484,1366,1386
21-Apr-02,1394,1419,1365,1401
22-Apr-02,1414,1441,1384,1394
23-Apr-02,1377,1389,1286,1367
24-Apr-02,1384,1517,1328,1433
25-Apr-02,1445,1537,1401,1430
26-Apr-02,1448,1579,1422,1531
27-Apr-02,1533,1701,1435,1633
28-Apr-02,1641,1656,1619,1632
29-Apr-02,1617,1723,1538,1636
30-Apr-02,1641,1701,1473,1565
1-May-02,1573,1683,1541,1655
2-May-02,1660,1724,1589,1620
3-May-02,1633,1637,1537,1628
4-May-02,1625,1721,1551,1601
5-May-02,1597,1672,1557,1642
6-May-02,1655,1685,1516,1571
7-May-02,1564,1698,1519,1655
8-May-02,1647,1786,1584,1739
9-May-02,1755,1846,1691,1828
10-May-02,1811,1949,1800,1878
11-May-02,1880,1885,1791,1856
12-May-02,1842,1908,1764,1894
13-May-02,1883,1895,1761,1854
14-May-02,1863,1894,1792,1795
15-May-02,1808,1893,1762,1889
16-May-02,1875,1890,1745,1775
17-May-02,1773,1803,1636,1676
18-May-02,1656,1811,1561,1753
19-May-02,1763,1769,1656,1695
20-May-02,1692,1778,1624,1709
21-May-02,1720,1757,1667,1721
22-May-02,1721,1727,1631,1726
23-May-02,1710,1806,1567,1666
24-May-02,1677,1724,1654,1689
25-May-02,1703,1803,1607,1702
26-May-02,1711,1713,1585,1669
27-May-02,1668,1776,1646,1677
28-May-02,1685,1854,1641,1764
29-May-02,1766,1851,1690,1691
30-May-02,1680,1803,1634,1756
31-May-02,1737,1818,1637,1760
1-Jun-02,1745,1801,1652,1686
2-Jun-02,1668,1848,1588,1768
3-Jun-02,1761,1827,1733,1805
4-Jun-02,1812,1858,1677,1740
5-Jun-02,1736,1743,1653,1677
6-Jun-02,1660,1752,1617,1618
7-Jun-02,1605,1758,1556,1701
8-Jun-02,1683,1779,1496,1584
9-Jun-02,1580,1672,1517,1561
10-Jun-02,1554,1628,1497,1569
11-Jun-02,1577,1640,1510,1576
12-Jun-02,1558,1618,1460,1617
13-Jun-02,1614,1755,1606,1665
14-Jun-02,1655,1658,1534,1582
15-Jun-02,1597,1684,1549,1566
16-Jun-02,1578,1620,1462,1544
17-Jun-02,1537,1685,1458,1625
18-Jun-02,1619,1667,1601,1625
19-Jun-02,1608,1642,1541,1624
20-Jun-02,1628,1762,1547,1719
21-Jun-02,1728,1737,1660,1661
22-Jun-02,1663,1746,1632,1683
23-Jun-02,1668,1710,1602,1701
24-Jun-02,1706,1746,1602,1662
25-Jun-02,1662,1773,1629,1685
26-Jun-02,1684,1811,1624,1784
27-Jun-02,1801,1860,1668,1721
28-Jun-02,1706,1740,1599,1687
29-Jun-02,1680,1739,1544,1612
30-Jun-02,1625,1712,1572,1682
1-Jul-02,1696,1805,1644,1732
2-Jul-02,1731,1766,1645,1715
3-Jul-02,1702,1759,1559,1628
4-Jul-02,1625,1651,1515,1538
5-Jul-02,1519,1582,1426,1462
6-Jul-02,1463,1511,1457,1502
7-Jul-02,1513,1515,1338,1435
8-Jul-02,1437,1540,1424,1490
9-Jul-02,1475,1589,1395,1575
10-Jul-02,1585,1647,1515,1559
11-Jul-02,1555,1687,1463,1598
12-Jul-02,1597,1683,1561,1628
13-Jul-02,1647,1691,1552,1633
14-Jul-02,1614,1745,1558,1649
15-Jul-02,1641,1726,1618,1625
16-Jul-02,1628,1690,1528,1629
17-Jul-02,1624,1714,1562,1567
18-Jul-02,1557,1570,1408,1500
19-Jul-02,1497,1626,1417,1532
20-Jul-02,1540,1617,1489,1596
21-Jul-02,1593,1658,1582,1633
22-Jul-02,1641,1748,1606,1725
23-Jul-02,1730,1736,1662,1733
24-Jul-02,1739,1880,1731,1787
25-Jul-02,1773,1888,1723,1846
26-Jul-02,1846,1987,1833,1901
27-Jul-02,1893,1959,1821,1941
28-Jul-02,1928,2057,1854,1980
29-Jul-02,1983,2030,1918,2016
30-Jul-02,2019,2169,1955,2069
31-Jul-02,2069,2108,1966,2014
1-Aug-02,2030,2071,1930,1930
2-Aug-02,1942,2042,1876,1951
3-Aug-02,1959,2029,1836,1915
4-Aug-02,1918,2006,1848,1980
5-Aug-02,1981,2078,1887,1979
6-Aug-02,1983,2122,1964,2083
7-Aug-02,2098,2152,2012,2148
8-Aug-02,2149,2151,2029,2111
9-Aug-02,2099,2149,2013,2119
10-Aug-02,2108,2149,2094,2148
11-Aug-02,2152,2178,1962,2054
12-Aug-02,2048,2051,1933,2000
13-Aug-02,2004,2054,1922,1965
14-Aug-02,1962,2120,1866,2048
15-Aug-02,2038,2081,1992,2078
16-Aug-02,2088,2199,2064,2169
17-Aug-02,2168,2252,2133,2181
18-Aug-02,2190,2211,2152,2205
19-Aug-02,2212,2308,2201,2237
20-Aug-02,2254,2362,2243,2284
21-Aug-02,2265,2375,2235,2294
22-Aug-02,2292,2356,2189,2204
23-Aug-02,2222,2230,2030,2123
24-Aug-02,2109,2164,1930,2024
25-Aug-02,2034,2181,1965,2108
26-Aug-02,2094,2150,1949,2004
27-Aug-02,2003,2106,1955,2082
28-Aug-02,2073,2159,2007,2129
29-Aug-02,2130,2161,2038,2039
30-Aug-02,2051,2110,2013,2068
31-Aug-02,2070,2108,2005,2041
1-Sep-02,2035,2120,1976,2108
2-Sep-02,2112,2277,2060,2194
3-Sep-02,2203,2333,2129,2263
4-Sep-02,2273,2401,2213,2305
5-Sep-02,2288,2406,2216,2333
6-Sep-02,2332,2406,2235,2311
7-Sep-02,2297,2429,2200,2359
8-Sep-02,2374,2497,2362,2437
9-Sep-02,2449,2532,2420,2436
10-Sep-02,2443,2502,2402,2447
11-Sep-02,2464,2561,2434,2525
12-Sep-02,2525,2650,2525,2563
13-Sep-02,2543,2545,2506,2530
14-Sep-02,2514,2627,2501,2588
15-Sep-02,2589,2591,2549,2571
16-Sep-02,2572,2629,2570,2604
17-Sep-02,2589,2620,2409,2493
18-Sep-02,2485,2589,2398,2490
19-Sep-02,2479,2589,2424,2545
20-Sep-02,2543,2609,2454,2589
21-Sep-02,2592,2668,2551,2651
22-Sep-02,2638,2745,2558,2737
23-Sep-02,2751,2753,2605,2661
24-Sep-02,2655,2832,2575,2738
25-Sep-02,2721,2721,2605,2647
26-Sep-02,2645,2760,2571,2686
27-Sep-02,2685,2753,2605,2708
28-Sep-02,2719,2915,2667,2817
29-Sep-02,2814,2936,2726,2858
30-Sep-02,2848,2997,2791,2939
1-Oct-02,2932,3003,2788,2864
2-Oct-02,2868,2869,2787,2825
3-Oct-02,2814,2852,2737,2754
4-Oct-02,2751,2857,2671,2834
5-Oct-02,2824,2960,2774,2910
6-Oct-02,2921,2999,2821,2858
7-Oct-02,2877,3011,2871,2935
8-Oct-02,2923,3001,2793,2889
9-Oct-02,2878,2896,2789,2851
10-Oct-02,2850,2880,2731,2765
11-Oct-02,2775,2831,2731,2781
12-Oct-02,2772,2814,2610,2704
13-Oct-02,2700,2716,2584,2623
14-Oct-02,2610,2689,2544,2603
15-Oct-02,2616,2692,2606,2608
16-Oct-02,2617,2680,2562,2621
17-Oct-02,2630,2727,2624,2721
18-Oct-02,2728,2735,2629,2725
19-Oct-02,2709,2805,2684,2802
20-Oct-02,2807,2897,2686,2745
21-Oct-02,2736,2795,2673,2770
22-Oct-02,2779,2816,2606,2693
23-Oct-02,2673,2702,2576,2601
24-Oct-02,2620,2769,2558,2689
25-Oct-02,2694,2825,2677,2747
26-Oct-02,2733,2735,2661,2713
27-Oct-02,2697,2836,2639,2775
28-Oct-02,2777,2806,2689,2713
29-Oct-02,2705,2768,2642,2667
30-Oct-02,2650,2796,2632,2728
31-Oct-02,2734,2746,2569,2635
1-Nov-02,2630,2685,2609,2626
2-Nov-02,2641,2743,2559,2648
3-Nov-02,2634,2680,2488,2571
4-Nov-02,2561,2637,2370,2463
5-Nov-02,2450,2481,2371,2465
6-Nov-02,2452,2513,2328,2386
7-Nov-02,2381,2396,2231,2323
8-Nov-02,2322,2336,2254,2282
9-Nov-02,2277,2399,2248,2355
10-Nov-02,2342,2446,2328,2379
11-Nov-02,2372,2452,2368,2388
12-Nov-02,2397,2490,2259,2308
13-Nov-02,2289,2405,2230,2360
14-Nov-02,2348,2484,2253,2430
15-Nov-02,2434,2574,2382,2517
16-Nov-02,2506,2629,2455,2552
17-Nov-02,2540,2644,2465,2570
18-Nov-02,2582,2603,2565,2566
19-Nov-02,2579,2596,2531,2578
20-Nov-02,2568,2585,2438,2480
21-Nov-02,2485,2501,2344,2439
22-Nov-02,2422,2427,2322,2359
23-Nov-02,2375,2386,2290,2312
24-Nov-02,2316,2361,2225,2359
25-Nov-02,2376,2455,2342,2366
26-Nov-02,2370,2538,2341,2450
27-Nov-02,2435,2510,2340,2344
28-Nov-02,2324,2426,2243,2357
29-Nov-02,2377,2486,2304,2462
30-Nov-02,2459,2499,2444,2494
1-Dec-02,2478,2556,2392,2553
2-Dec-02,2554,2641,2460,2625
3-Dec-02,2637,2728,2594,2608
4-Dec-02,2616,2716,2520,2528
5-Dec-02,2515,2584,2511,2567
6-Dec-02,2563,2566,2380,2474
7-Dec-02,2471,2627,2408,2554
8-Dec-02,2545,2667,2502,2587
9-Dec-02,2606,2733,2564,2676
10-Dec-02,2695,2771,2586,2646
11-Dec-02,2658,2801,2645,2735
12-Dec-02,2728,2759,2696,2706
13-Dec-02,2723,2840,2720,2800
14-Dec-02,2785,2892,2745,2852
15-Dec-02,2850,2905,2798,2901
16-Dec-02,2900,2981,2861,2934
17-Dec-02,2920,3063,2891,2967
18-Dec-02,2980,3104,2937,3077
19-Dec-02,3064,3083,2998,3017
20-Dec-02,3030,3097,2996,3037
21-Dec-02,3052,3153,2962,3068
22-Dec-02,3081,3152,3026,3139
23-Dec-02,3133,3198,3130,3167
24-Dec-02,3178,3354,3134,3274
25-Dec-02,3264,3377,3170,3344
26-Dec-02,3351,3422,3245,3320
27-Dec-02,3303,3331,3174,3272
28-Dec-02,3265,3325,3185,3320
29-Dec-02,3310,3355,3215,3294
30-Dec-02,3292,3385,3144,3212
31-Dec-02,3193,3267,3101,3226
1-Jan-03,3237,3310,3159,3236
2-Jan-03,3247,3304,3181,3287
3-Jan-03,3275,3307,3147,3187
4-Jan-03,3192,3241,3138,3221
5-Jan-03,3223,3362,3191,3293
6-Jan-03,3310,3505,3258,3410
7-Jan-03,3403,3436,3384,3433
8-Jan-03,3419,3519,3376,3512
9-Jan-03,3531,3595,3521,3576
10-Jan-03,3590,3633,3527,3551
11-Jan-03,3549,3558,3392,3451
12-Jan-03,3454,3590,3451,3535
13-Jan-03,3541,3587,3483,3523
14-Jan-03,3537,3617,3427,3487
15-Jan-03,3472,3593,3386,3568
16-Jan-03,3556,3686,3487,3595
17-Jan-03,3601,3747,3546,3666
18-Jan-03,3669,3805,3595,3763
19-Jan-03,3753,3852,3730,3817
20-Jan-03,3800,3850,3657,3738
21-Jan-03,3728,3764,3609,3667
22-Jan-03,3667,3740,3626,3630
23-Jan-03,3624,3754,3617,3654
24-Jan-03,3670,3732,3638,3711
25-Jan-03,3718,3826,3704,3732
26-Jan-03,3730,3751,3724,3743
27-Jan-03,3760,3870,3734,3811
28-Jan-03,3806,3939,3781,3883
29-Jan-03,3870,4042,3782,3966
30-Jan-03,3972,4108,3896,4056
31-Jan-03,4066,4111,3929,3971
1-Feb-03,3970,3994,3875,3921
2-Feb-03,3909,3983,3757,3816
3-Feb-03,3808,3899,3791,3824
4-Feb-03,3820,3966,3746,3891
5-Feb-03,3906,3964,3846,3914
6-Feb-03,3908,3969,3821,3941
7-Feb-03,3936,4049,3852,3979
8-Feb-03,3992,4096,3963,4001
9-Feb-03,4019,4051,4006,4048
10-Feb-03,4048,4163,3984,4138
11-Feb-03,4155,4289,4119,4236
12-Feb-03,4229,4304,4118,4218
13-Feb-03,4212,4260,4088,4117
14-Feb-03,4111,4132,3992,4071
15-Feb-03,4082,4136,3988,4061
16-Feb-03,4073,4150,4035,4138
17-Feb-03,4140,4220,4009,4063
18-Feb-03,4076,4150,3957,3984
19-Feb-03,3998,4015,3872,3962
20-Feb-03,3958,4036,3863,3962
21-Feb-03,3947,4022,3815,3873
22-Feb-03,3861,3907,3735,3781
23-Feb-03,3768,3864,3710,3774
24-Feb-03,3763,3815,3660,3745
25-Feb-03,3729,3733,3671,3680
26-Feb-03,3688,3814,3654,3718
27-Feb-03,3727,3850,3701,3812
28-Feb-03,3811,3851,3723,3836
1-Mar-03,3851,3919,3768,3884
2-Mar-03,3877,4030,3871,3945
3-Mar-03,3959,4036,3914,4002
4-Mar-03,4000,4091,3999,4068
5-Mar-03,4064,4087,3970,4020
6-Mar-03,4032,4115,3933,4099
7-Mar-03,4116,4212,4050,4139
8-Mar-03,4125,4197,4060,4166
9-Mar-03,4149,4271,4112,4248
10-Mar-03,4234,4422,4146,4328
11-Mar-03,4344,4501,4296,4408
12-Mar-03,4397,4493,4314,4463
13-Mar-03,4455,4520,4415,4465
14-Mar-03,4462,4546,4309,4382
15-Mar-03,4390,4470,4338,4351
16-Mar-03,4352,4409,4203,4273
17-Mar-03,4258,4386,4236,4318
18-Mar-03,4309,4379,4284,4326
19-Mar-03,4346,4458,4292,4441
20-Mar-03,4424,4491,4313,4360
21-Mar-03,4345,4366,4168,4246
22-Mar-03,4254,4320,4202,4242
23-Mar-03,4240,4339,4113,4156
24-Mar-03,4146,4231,4006,4093
25-Mar-03,4106,4162,3922,4012
26-Mar-03,4010,4073,3935,3949
27-Mar-03,3937,4016,3738,3837
28-Mar-03,3835,3884,3814,3841
29-Mar-03,3837,3939,3812,3849
30-Mar-03,3837,3906,3716,3803
31-Mar-03,3808,3887,3731,3756
1-Apr-03,3773,3844,3756,3820
2-Apr-03,3820,3986,3772,3912
3-Apr-03,3919,3993,3904,3935
4-Apr-03,3920,3948,3856,3935
5-Apr-03,3936,4027,3908,3961
6-Apr-03,3947,4035,3852,3927
7-Apr-03,3911,3917,3875,3888
8-Apr-03,3870,3875,3752,3824
9-Apr-03,3826,3997,3728,3904
10-Apr-03,3898,3945,3873,3913
11-Apr-03,3930,3966,3852,3904
12-Apr-03,3891,3940,3810,3895
13-Apr-03,3909,3954,3813,3857
14-Apr-03,3848,3935,3721,3781
15-Apr-03,3769,3775,3672,3690
16-Apr-03,3684,3787,3607,3726
17-Apr-03,3742,3742,3656,3717
18-Apr-03,3701,3796,3620,3791
19-Apr-03,3802,3866,3661,3740
20-Apr-03,3744,3807,3630,3666
21-Apr-03,3683,3760,3612,3681
22-Apr-03,3672,3786,3642,3758
23-Apr-03,3768,3871,3669,3856
24-Apr-03,3861,3954,3693,3772
25-Apr-03,3755,3840,3713,3779
26-Apr-03,3796,3911,3753,3825
27-Apr-03,3813,3952,3724,3905
28-Apr-03,3908,4019,3857,3986
29-Apr-03,3967,4004,3913,3935
30-Apr-03,3923,3952,3840,3942
1-May-03,3923,4011,3833,3899
2-May-03,3908,3956,3840,3879
3-May-03,3877,3941,3798,3914
4-May-03,3907,4001,3844,3877
5-May-03,3877,3984,3870,3972
6-May-03,3964,4007,3887,3901
7-May-03,3890,4062,3818,3982
8-May-03,3998,4121,3921,4032
9-May-03,4021,4121,3932,4080
10-May-03,4092,4172,4014,4093
11-May-03,4082,4093,4021,4090
12-May-03,4100,4196,4024,4082
13-May-03,4066,4192,4062,4157
14-May-03,4176,4276,4096,4157
15-May-03,4174,4235,4125,4158
16-May-03,4138,4260,4073,4222
17-May-03,4208,4261,4112,4228
18-May-03,4243,4371,4199,4319
19-May-03,4309,4423,4293,4374
20-May-03,4362,4406,4265,4377
21-May-03,4390,4536,4306,4456
22-May-03,4449,4548,4353,4418
23-May-03,4426,4508,4274,4350
24-May-03,4364,4434,4265,4399
25-May-03,4415,4535,4367,4478
26-May-03,4471,4540,4374,4444
27-May-03,4443,4509,4295,4355
28-May-03,4339,4382,4263,4366
29-May-03,4351,4411,4234,4253
30-May-03,4244,4249,4110,4162
31-May-03,4148,4181,3997,4059
1-Jun-03,4070,4159,3948,3994
2-Jun-03,3979,4023,3892,3966
3-Jun-03,3968,4065,3928,4032
4-Jun-03,4012,4037,3913,3991
5-Jun-03,3988,4105,3905,4013
6-Jun-03,4030,4062,3932,4037
7-Jun-03,4036,4052,3928,4008
8-Jun-03,4017,4131,4009,4081
9-Jun-03,4088,4273,3994,4177
10-Jun-03,4189,4202,4019,4116
11-Jun-03,4131,4284,4068,4195
12-Jun-03,4181,4238,4103,4190
13-Jun-03,4192,4311,4170,4262
14-Jun-03,4277,4283,4213,4217
15-Jun-03,4227,4305,4184,4284
16-Jun-03,4285,4404,4187,4323
17-Jun-03,4339,4395,4329,4386
18-Jun-03,4400,4480,4335,4381
19-Jun-03,4389,4540,4300,4489
20-Jun-03,4501,4585,4482,4554
21-Jun-03,4536,4562,4455,4509
22-Jun-03,4500,4523,4404,4458
23-Jun-03,4478,4530,4336,4421
24-Jun-03,4419,4436,4300,4339
25-Jun-03,4345,4462,4340,4438
26-Jun-03,4433,4464,4322,4420
27-Jun-03,4422,4512,4237,4336
28-Jun-03,4316,4422,4289,4323
29-Jun-03,4325,4370,4274,4357
30-Jun-03,4342,4347,4289,4341
1-Jul-03,4334,4509,4317,4412
2-Jul-03,4399,4419,4284,4339
3-Jul-03,4337,4394,4231,4239
4-Jul-03,4232,4240,4114,4182
5-Jul-03,4169,4238,4056,4141
6-Jul-03,4157,4186,4044,4108
7-Jul-03,4117,4122,3963,4040
8-Jul-03,4052,4126,3939,4030
9-Jul-03,4035,4104,3942,4033
10-Jul-03,4035,4191,4000,4105
11-Jul-03,4097,4138,4006,4111
12-Jul-03,4101,4240,4098,4169
13-Jul-03,4152,4180,4036,4098
14-Jul-03,4109,4168,4015,4040
15-Jul-03,4026,4122,3993,4110
16-Jul-03,4090,4175,3991,4045
17-Jul-03,4034,4060,3994,4025
18-Jul-03,4039,4133,4018,4027
19-Jul-03,4025,4098,4015,4033
20-Jul-03,4013,4170,3993,4103
21-Jul-03,4084,4120,3972,4036
22-Jul-03,4029,4094,3940,4008
23-Jul-03,4013,4109,3980,4064
24-Jul-03,4070,4204,4018,4115
25-Jul-03,4095,4202,4021,4159
26-Jul-03,4150,4339,4135,4244
27-Jul-03,4240,4359,4159,4317
28-Jul-03,4308,4393,4230,4369
29-Jul-03,4388,4446,4373,4439
30-Jul-03,4445,4604,4442,4544
31-Jul-03,4551,4601,4512,4571
1-Aug-03,4565,4636,4527,4557
2-Aug-03,4549,4646,4472,4514
3-Aug-03,4511,4575,4448,4486
4-Aug-03,4481,4483,4306,4394
5-Aug-03,4375,4437,4357,4400
6-Aug-03,4395,4504,4326,4422
7-Aug-03,4428,4441,4321,4346
8-Aug-03,4344,4376,4276,4289
9-Aug-03,4270,4321,4155,4233
10-Aug-03,4246,4362,4204,4335
11-Aug-03,4340,4394,4327,4353
12-Aug-03,4363,4447,4284,4370
13-Aug-03,4361,4390,4322,4385
14-Aug-03,4375,4512,4335,4428
15-Aug-03,4437,4458,4313,4410
16-Aug-03,4402,4457,4317,4387
17-Aug-03,4399,4568,4372,4489
18-Aug-03,4496,4591,4477,4523
19-Aug-03,4512,4546,4454,4504
20-Aug-03,4486,4555,4446,4496
21-Aug-03,4497,4562,4403,4431
22-Aug-03,4450,4503,4377,4440
23-Aug-03,4457,4614,4431,4531
24-Aug-03,4532,4661,4504,4569
25-Aug-03,4578,4698,4480,4665
26-Aug-03,4646,4699,4564,4621
27-Aug-03,4624,4682,4566,4628
28-Aug-03,4622,4677,4528,4656
29-Aug-03,4640,4699,4590,4620
30-Aug-03,4623,4727,4619,4672
31-Aug-03,4680,4725,4541,4612
1-Sep-03,4593,4594,4499,4578
2-Sep-03,4569,4635,4471,4484
3-Sep-03,4468,4534,4386,4475
4-Sep-03,4476,4592,4396,4573
5-Sep-03,4565,4687,4469,4628
6-Sep-03,4635,4727,4633,4700
7-Sep-03,4688,4751,4598,4641
8-Sep-03,4651,4782,4585,4717
9-Sep-03,4699,4713,4677,4680
10-Sep-03,4669,4797,4630,4752
11-Sep-03,4768,4785,4669,4732
12-Sep-03,4729,4842,4663,4747
13-Sep-03,4735,4915,4688,4830
14-Sep-03,4820,4893,4707,4803
15-Sep-03,4814,4926,4796,4842
16-Sep-03,4850,4943,4737,4775
17-Sep-03,4782,4929,4689,4838
18-Sep-03,4820,4897,4714,4759
19-Sep-03,4749,4808,4635,4668
20-Sep-03,4673,4749,4646,4648
21-Sep-03,4653,4708,4652,4690
22-Sep-03,4679,4815,4611,4756
23-Sep-03,4740,4779,4612,4705
24-Sep-03,4708,4777,4698,4736
25-Sep-03,4716,4781,4625,4701
26-Sep-03,4696,4786,4694,4730
27-Sep-03,4738,4871,4645,4795
28-Sep-03,4810,4899,4790,4880
29-Sep-03,4882,5011,4823,4975
30-Sep-03,4984,5113,4978,5054
1-Oct-03,5066,5145,4981,5123
2-Oct-03,5123,5231,5085,5147
3-Oct-03,5139,5199,5137,5142
4-Oct-03,5133,5184,5066,5104
5-Oct-03,5111,5162,5042,5059
6-Oct-03,5053,5238,5040,5150
7-Oct-03,5147,5273,5145,5196
8-Oct-03,5194,5196,5149,5189
9-Oct-03,5185,5224,5000,5097
10-Oct-03,5097,5156,5092,5092
11-Oct-03,5098,5282,5028,5189
12-Oct-03,5197,5284,5177,5273
13-Oct-03,5276,5365,5188,5263
14-Oct-03,5243,5371,5202,5294
15-Oct-03,5295,5295,5248,5277
16-Oct-03,5276,5434,5262,5355
17-Oct-03,5357,5421,5285,5414
18-Oct-03,5405,5504,5312,5347
19-Oct-03,5361,5465,5354,5407
20-Oct-03,5424,5567,5372,5496
21-Oct-03,5493,5549,5348,5428
22-Oct-03,5413,5491,5253,5337
23-Oct-03,5352,5452,5311,5402
24-Oct-03,5395,5399,5246,5305
25-Oct-03,5298,5308,5237,5292
26-Oct-03,5300,5391,5180,5219
27-Oct-03,5222,5269,5186,5243
28-Oct-03,5261,5296,5137,5213
29-Oct-03,5195,5306,5139,5265
30-Oct-03,5283,5331,5214,5289
31-Oct-03,5303,5371,5269,5270
1-Nov-03,5277,5325,5271,5307
2-Nov-03,5311,5378,5251,5336
3-Nov-03,5320,5423,5296,5369
4-Nov-03,5361,5384,5227,5324
5-Nov-03,5304,5334,5276,5331
6-Nov-03,5317,5453,5226,5374
7-Nov-03,5377,5412,5298,5322
8-Nov-03,5319,5356,5278,5286
9-Nov-03,5303,5402,5231,5358
10-Nov-03,5360,5426,5341,5400
11-Nov-03,5388,5425,5298,5364
12-Nov-03,5362,5438,5353,5391
13-Nov-03,5380,5405,5183,5280
14-Nov-03,5272,5426,5228,5367
15-Nov-03,5368,5440,5320,5365
16-Nov-03,5364,5490,5361,5454
17-Nov-03,5454,5628,5364,5545
18-Nov-03,5550,5672,5497,5620
19-Nov-03,5600,5682,5475,5513
20-Nov-03,5501,5591,5445,5541
21-Nov-03,5551,5639,5503,5509
22-Nov-03,5518,5639,5456,5607
23-Nov-03,5599,5652,5452,5525
24-Nov-03,5538,5567,5509,5521
25-Nov-03,5501,5509,5399,5488
26-Nov-03,5474,5483,5384,5422
27-Nov-03,5435,5537,5408,5481
28-Nov-03,5485,5598,5437,5500
29-Nov-03,5482,5519,5431,5453
30-Nov-03,5458,5556,5339,5423
1-Dec-03,5437,5531,5286,5349
2-Dec-03,5344,5443,5277,5338
3-Dec-03,5357,5378,5262,5334
4-Dec-03,5352,5473,5294,5429
5-Dec-03,5428,5447,5322,5416
6-Dec-03,5432,5474,5323,5362
7-Dec-03,5360,5491,5330,5430
8-Dec-03,5428,5492,5346,5365
9-Dec-03,5380,5473,5346,5472
10-Dec-03,5488,5636,5466,5575
11-Dec-03,5586,5675,5457,5553
12-Dec-03,5570,5643,5511,5562
13-Dec-03,5555,5706,5489,5644
14-Dec-03,5651,5785,5553,5711
15-Dec-03,5717,5759,5678,5703
16-Dec-03,5685,5816,5625,5755
17-Dec-03,5754,5843,5712,5735
18-Dec-03,5731,5739,5677,5702
19-Dec-03,5704,5797,5612,5699
20-Dec-03,5714,5812,5647,5655
21-Dec-03,5645,5782,5642,5697
22-Dec-03,5715,5772,5660,5763
23-Dec-03,5747,5844,5652,5831
24-Dec-03,5820,5853,5691,5727
25-Dec-03,5744,5800,5732,5786
26-Dec-03,5780,5920,5695,5857
27-Dec-03,5876,5913,5760,5779
28-Dec-03,5799,5874,5730,5859
29-Dec-03,5848,5915,5750,5782
30-Dec-03,5779,5851,5686,5839
31-Dec-03,5840,5935,5756,5934
1-Jan-04,5952,6079,5860,5989
2-Jan-04,5999,6031,5950,5970
3-Jan-04,5966,6025,5953,6025
4-Jan-04,6026,6051,5924,5952
5-Jan-04,5944,5962,5898,5906
6-Jan-04,5897,5964,5816,5869
7-Jan-04,5885,5925,5871,5871
8-Jan-04,5857,5922,5837,5865
9-Jan-04,5868,5942,5846,5897
10-Jan-04,5904,6092,5863,5995
11-Jan-04,5993,6065,5908,6034
12-Jan-04,6045,6132,5919,5948
13-Jan-04,5954,6030,5854,5935
14-Jan-04,5927,5933,5793,5872
15-Jan-04,5888,5980,5831,5947
16-Jan-04,5959,6009,5955,5956
17-Jan-04,5952,6002,5903,5934
18-Jan-04,5935,6113,5935,6030
19-Jan-04,6029,6042,5989,6005
20-Jan-04,6002,6070,5887,5905
21-Jan-04,5916,6031,5868,6015
22-Jan-04,6013,6112,5893,5921
23-Jan-04,5902,5945,5755,5843
24-Jan-04,5826,5874,5768,5769
25-Jan-04,5782,5917,5765,5870
26-Jan-04,5883,5922,5804,5917
27-Jan-04,5924,5959,5797,5879
28-Jan-04,5870,5901,5758,5832
29-Jan-04,5818,5913,5714,5780
30-Jan-04,5786,5868,5668,5740
31-Jan-04,5727,5739,5641,5656
1-Feb-04,5637,5709,5521,5553
2-Feb-04,5560,5690,5526,5621
3-Feb-04,5618,5782,5533,5704
4-Feb-04,5700,5787,5611,5751
5-Feb-04,5770,5883,5738,5812
6-Feb-04,5814,5837,5713,5788
7-Feb-04,5782,5797,5662,5737
8-Feb-04,5721,5857,5663,5759
9-Feb-04,5752,5849,5739,5806
10-Feb-04,5792,5853,5730,5800
11-Feb-04,5805,5867,5771,5773
12-Feb-04,5770,5845,5746,5788
13-Feb-04,5799,5852,5747,5850
14-Feb-04,5868,5976,5772,5928
15-Feb-04,5928,6018,5781,5873
16-Feb-04,5884,5886,5798,5817
17-Feb-04,5811,5929,5734,5896
18-Feb-04,5911,5937,5849,5858
19-Feb-04,5854,5919,5784,5805
20-Feb-04,5801,5912,5702,5876
21-Feb-04,5893,5992,5787,5796
22-Feb-04,5809,5841,5635,5714
23-Feb-04,5702,5735,5631,5683
24-Feb-04,5684,5765,5531,5601
25-Feb-04,5598,5644,5493,5555
26-Feb-04,5549,5578,5518,5530
27-Feb-04,5521,5594,5434,5498
28-Feb-04,5480,5567,5387,5429
29-Feb-04,5418,5490,5386,5388
1-Mar-04,5370,5389,5355,5384
2-Mar-04,5374,5533,5353,5437
3-Mar-04,5428,5559,5353,5481
4-Mar-04,5481,5501,5447,5473
5-Mar-04,5472,5567,5403,5479
6-Mar-04,5464,5616,5380,5524
7-Mar-04,5510,5583,5504,5574
8-Mar-04,5554,5607,5431,5466
9-Mar-04,5467,5520,5407,5495
10-Mar-04,5507,5575,5398,5415
11-Mar-04,5435,5606,5424,5515
12-Mar-04,5495,5588,5416,5503
13-Mar-04,5516,5594,5359,5431
14-Mar-04,5416,5417,5261,5341
15-Mar-04,5341,5396,5314,5389
16-Mar-04,5400,5507,5308,5409
17-Mar-04,5428,5484,5317,5331
18-Mar-04,5314,5374,5230,5311
19-Mar-04,5296,5410,5210,5353
20-Mar-04,5337,5352,5269,5277
21-Mar-04,5281,5314,5146,5226
22-Mar-04,5241,5379,5228,5338
23-Mar-04,5330,5458,5295,5410
24-Mar-04,5430,5445,5327,5399
25-Mar-04,5385,5430,5307,5390
26-Mar-04,5395,5495,5348,5450
27-Mar-04,5446,5493,5302,5376
28-Mar-04,5396,5480,5353,5472
29-Mar-04,5460,5529,5393,5437
30-Mar-04,5456,5550,5412,5489
31-Mar-04,5475,5496,5328,5416
1-Apr-04,5401,5457,5392,5405
2-Apr-04,5389,5485,5246,5342
3-Apr-04,5344,5409,5245,5367
4-Apr-04,5383,5563,5293,5466
5-Apr-04,5455,5479,5376,5461
6-Apr-04,5478,5513,5293,5384
7-Apr-04,5365,5442,5300,5313
8-Apr-04,5310,5379,5259,5355
9-Apr-04,5356,5467,5306,5436
10-Apr-04,5453,5502,5424,5438
11-Apr-04,5419,5516,5389,5447
12-Apr-04,5444,5499,5375,5459
13-Apr-04,5475,5507,5358,5419
14-Apr-04,5415,5486,5372,5376
15-Apr-04,5370,5447,5271,5424
16-Apr-04,5443,5543,5371,5471
17-Apr-04,5467,5539,5384,5424
18-Apr-04,5424,5499,5349,5383
19-Apr-04,5393,5479,5315,5339
20-Apr-04,5321,5348,5181,5274
21-Apr-04,5289,5450,5234,5381
22-Apr-04,5366,5432,5186,5270
23-Apr-04,5263,5302,5207,5289
24-Apr-04,5307,5373,5228,5297
25-Apr-04,5316,5449,5217,5394
26-Apr-04,5389,5419,5294,5379
27-Apr-04,5364,5453,5342,5397
28-Apr-04,5384,5491,5306,5482
29-Apr-04,5477,5564,5398,5401
30-Apr-04,5420,5503,5327,5472
1-May-04,5487,5549,5443,5491
2-May-04,5495,5617,5423,5535
3-May-04,5520,5584,5461,5584
4-May-04,5586,5684,5540,5551
5-May-04,5546,5588,5423,5518
6-May-04,5528,5610,5427,5497
7-May-04,5496,5578,5454,5465
8-May-04,5472,5490,5358,5406
9-May-04,5425,5494,5396,5425
10-May-04,5429,5523,5400,5487
11-May-04,5485,5665,5452,5577
12-May-04,5580,5591,5501,5526
13-May-04,5542,5573,5486,5516
14-May-04,5520,5619,5433,5477
15-May-04,5493,5502,5445,5486
16-May-04,5506,5620,5411,5565
17-May-04,5546,5628,5531,5556
18-May-04,5555,5720,5536,5624
19-May-04,5621,5742,5539,5643
20-May-04,5657,5705,5566,5572
21-May-04,5590,5666,5540,5643
22-May-04,5642,5666,5571,5636
23-May-04,5641,5731,5639,5646
24-May-04,5642,5652,5573,5575
25-May-04,5561,5641,5538,5582
26-May-04,5571,5597,5475,5534
27-May-04,5549,5616,5380,5456
28-May-04,5467,5487,5351,5398
29-May-04,5411,5489,5371,5412
30-May-04,5414,5453,5339,5437
31-May-04,5454,5522,5343,5368
1-Jun-04,5353,5494,5297,5423
2-Jun-04,5413,5460,5370,5411
3-Jun-04,5391,5513,5340,5414
4-Jun-04,5426,5526,5351,5442
5-Jun-04,5455,5608,5391,5515
6-Jun-04,5529,5707,5509,5615
7-Jun-04,5624,5676,5585,5631
8-Jun-04,5637,5764,5598,5664
9-Jun-04,5678,5733,5635,5702
10-Jun-04,5717,5859,5684,5796
11-Jun-04,5791,5868,5712,5866
12-Jun-04,5858,5911,5781,5826
13-Jun-04,5835,5895,5692,5792
14-Jun-04,5789,5824,5753,5824
15-Jun-04,5824,5888,5747,5849
16-Jun-04,5862,6032,5847,5946
17-Jun-04,5926,5929,5905,5925
18-Jun-04,5906,5993,5872,5880
19-Jun-04,5873,5877,5796,5848
20-Jun-04,5829,5848,5821,5838
21-Jun-04,5837,5950,5807,5925
22-Jun-04,5935,6061,5837,5967
23-Jun-04,5954,6054,5917,5990
24-Jun-04,6002,6071,5924,6056
25-Jun-04,6056,6185,5957,6154
26-Jun-04,6166,6235,6135,6181
27-Jun-04,6174,6222,6070,6145
28-Jun-04,6130,6130,5979,6030
29-Jun-04,6020,6081,5920,6058
30-Jun-04,6074,6218,6050,6128
1-Jul-04,6118,6188,5990,6029
2-Jul-04,6033,6200,5958,6126
3-Jul-04,6144,6260,6066,6215
4-Jul-04,6226,6260,6204,6236
5-Jul-04,6251,6343,6237,6284
6-Jul-04,6278,6353,6168,6189
7-Jul-04,6196,6348,6144,6268
8-Jul-04,6256,6371,6217,6309
9-Jul-04,6310,6438,6291,6394
10-Jul-04,6411,6492,6337,6437
11-Jul-04,6423,6523,6378,6521
12-Jul-04,6528,6620,6490,6605
13-Jul-04,6589,6660,6498,6584
14-Jul-04,6568,6608,6481,6575
15-Jul-04,6589,6619,6523,6545
16-Jul-04,6540,6626,6471,6572
17-Jul-04,6568,6683,6497,6585
18-Jul-04,6585,6623,6532,6621
19-Jul-04,6602,6658,6532,6599
20-Jul-04,6605,6701,6509,6593
21-Jul-04,6589,6723,6569,6659
22-Jul-04,6656,6785,6654,6717
23-Jul-04,6710,6837,6667,6755
24-Jul-04,6746,6747,6648,6689
25-Jul-04,6701,6830,6681,6759
26-Jul-04,6762,6878,6741,6806
27-Jul-04,6806,6945,6727,6904
28-Jul-04,6898,7011,6870,6977
29-Jul-04,6992,7050,6954,7022
30-Jul-04,7031,7146,7023,7118
31-Jul-04,7131,7302,7126,7204
1-Aug-04,7216,7266,7146,7179
2-Aug-04,7180,7206,7082,7153
3-Aug-04,7157,7233,7061,7120
4-Aug-04,7112,7112,6995,7035
5-Aug-04,7020,7074,6923,7001
6-Aug-04,6985,7020,6842,6913
7-Aug-04,6908,7029,6864,6969
8-Aug-04,6957,7100,6894,7030
9-Aug-04,7032,7199,6949,7120
10-Aug-04,7135,7158,7074,7144
11-Aug-04,7141,7228,7072,7170
12-Aug-04,7187,7302,7123,7276
13-Aug-04,7281,7340,7190,7255
14-Aug-04,7244,7293,7157,7244
15-Aug-04,7225,7301,7217,7244
16-Aug-04,7241,7283,7178,7203
17-Aug-04,7215,7287,7134,7204
18-Aug-04,7221,7282,7191,7208
19-Aug-04,7201,7254,7117,7244
20-Aug-04,7261,7335,7095,7161
21-Aug-04,7172,7252,7120,7230
22-Aug-04,7214,7283,7214,7270
23-Aug-04,7283,7370,7248,7252
24-Aug-04,7247,7269,7220,7245
25-Aug-04,7231,7359,7167,7292
26-Aug-04,7311,7404,7122,7219
27-Aug-04,7219,7294,7052,7126
28-Aug-04,7132,7196,7066,7078
29-Aug-04,7081,7175,7071,7169
30-Aug-04,7152,7267,7108,7240
31-Aug-04,7220,7302,7211,7302
1-Sep-04,7322,7393,7230,7252
2-Sep-04,7257,7273,7155,7205
3-Sep-04,7214,7313,7198,7294
4-Sep-04,7277,7405,7267,7335
5-Sep-04,7315,7437,7280,7372
6-Sep-04,7375,7408,7271,7277
7-Sep-04,7258,7444,7190,7349
8-Sep-04,7333,7409,7213,7267
9-Sep-04,7258,7326,7169,7248
10-Sep-04,7250,7277,7189,7264
11-Sep-04,7271,7277,7183,7211
12-Sep-04,7221,7414,7186,7319
13-Sep-04,7303,7384,7157,7232
14-Sep-04,7249,7365,7193,7280
15-Sep-04,7260,7419,7257,7346
16-Sep-04,7342,7473,7247,7375
17-Sep-04,7391,7395,7211,7298
18-Sep-04,7311,7329,7127,7222
19-Sep-04,7212,7328,7197,7256
20-Sep-04,7261,7441,7181,7349
21-Sep-04,7369,7437,7293,7309
22-Sep-04,7304,7344,7198,7279
23-Sep-04,7294,7321,7214,7221
24-Sep-04,7220,7313,7058,7152
25-Sep-04,7164,7254,7101,7170
26-Sep-04,7158,7210,7153,7159
27-Sep-04,7147,7251,7080,7220
28-Sep-04,7224,7331,7190,7233
29-Sep-04,7230,7234,7145,7222
30-Sep-04,7210,7262,7139,7258
1-Oct-04,7262,7298,7193,7250
2-Oct-04,7257,7267,7108,7185
3-Oct-04,7191,7223,7031,7125
4-Oct-04,7127,7166,7055,7072
5-Oct-04,7087,7093,6980,7073
6-Oct-04,7075,7148,7002,7070
7-Oct-04,7054,7175,6972,7150
8-Oct-04,7144,7262,7068,7243
9-Oct-04,7233,7362,7219,7303
10-Oct-04,7295,7327,7217,7271
11-Oct-04,7267,7365,7175,7239
12-Oct-04,7230,7371,7203,7278
13-Oct-04,7275,7299,7172,7184
14-Oct-04,7189,7385,7167,7289
15-Oct-04,7304,7336,7243,7250
16-Oct-04,7261,7347,7197,7239
17-Oct-04,7243,7281,7185,7266
18-Oct-04,7263,7353,7224,7234
19-Oct-04,7221,7286,7094,7135
20-Oct-04,7138,7172,7019,7100
21-Oct-04,7109,7210,7031,7158
22-Oct-04,7168,7240,7101,7106
23-Oct-04,7097,7154,7057,7081
24-Oct-04,7099,7258,7011,7199
25-Oct-04,7212,7270,7113,7153
26-Oct-04,7155,7226,7087,7182
27-Oct-04,7195,7303,7104,7290
28-Oct-04,7270,7309,7215,7281
29-Oct-04,7283,7293,7237,7264
30-Oct-04,7269,7308,7129,7213
31-Oct-04,7219,7261,7100,7149
1-Nov-04,7163,7192,7007,7067
2-Nov-04,7058,7070,7020,7050
3-Nov-04,7032,7050,6966,7028
4-Nov-04,7017,7192,6970,7099
5-Nov-04,7114,7212,7040,7149
6-Nov-04,7137,7227,7014,7102
7-Nov-04,7086,7229,7060,7161
8-Nov-04,7150,7223,7111,7142
9-Nov-04,7130,7278,7102,7220
10-Nov-04,7221,7320,7166,7259
11-Nov-04,7266,7303,7130,7191
12-Nov-04,7185,7232,7112,7130
13-Nov-04,7134,7188,7009,7047
14-Nov-04,7031,7050,6852,6939
15-Nov-04,6945,7075,6941,6998
16-Nov-04,6978,7000,6842,6908
17-Nov-04,6904,6990,6817,6973
18-Nov-04,6962,6975,6889,6921
19-Nov-04,6912,7027,6909,6993
20-Nov-04,6975,7066,6951,7052
21-Nov-04,7057,7079,6976,7006
22-Nov-04,7004,7069,6941,6949
23-Nov-04,6941,6993,6904,6918
24-Nov-04,6937,7020,6892,6953
25-Nov-04,6959,7003,6950,6980
26-Nov-04,6977,7163,6895,7077
27-Nov-04,7058,7154,6948,6970
28-Nov-04,6982,7064,6900,6978
29-Nov-04,6986,7052,6933,6954
30-Nov-04,6945,7010,6786,6850
1-Dec-04,6831,6863,6675,6741
2-Dec-04,6752,6869,6687,6802
3-Dec-04,6783,6891,6698,6811
4-Dec-04,6795,6893,6738,6809
5-Dec-04,6790,6929,6729,6829
6-Dec-04,6822,6947,6781,6876
7-Dec-04,6870,6992,6843,6901
8-Dec-04,6891,6912,6828,6892
9-Dec-04,6896,6951,6750,6805
10-Dec-04,6820,6921,6769,6833
11-Dec-04,6826,6932,6727,6873
12-Dec-04,6867,6892,6789,6792
13-Dec-04,6780,6857,6624,6712
14-Dec-04,6701,6793,6567,6627
15-Dec-04,6622,6641,6577,6637
16-Dec-04,6626,6712,6547,6624
17-Dec-04,6622,6756,6542,6673
18-Dec-04,6679,6731,6615,6647
19-Dec-04,6667,6725,6583,6647
20-Dec-04,6632,6719,6597,6631
21-Dec-04,6615,6686,6572,6599
22-Dec-04,6590,6731,6539,6660
23-Dec-04,6640,6737,6543,6717
24-Dec-04,6734,6776,6651,6740
25-Dec-04,6743,6891,6731,6795
26-Dec-04,6783,6830,6661,6761
27-Dec-04,6771,6883,6759,6845
28-Dec-04,6842,6896,6800,6823
29-Dec-04,6822,6900,6726,6820
30-Dec-04,6804,6958,6723,6901
31-Dec-04,6901,7014,6872,6947
1-Jan-05,6934,6963,6860,6948
2-Jan-05,6960,6972,6915,6958
3-Jan-05,6961,7000,6858,6898
4-Jan-05,6907,6960,6867,6918
5-Jan-05,6904,6933,6863,6869
6-Jan-05,6879,6912,6811,6894
7-Jan-05,6890,6982,6882,6968
8-Jan-05,6973,7073,6874,6944
9-Jan-05,6927,6967,6862,6887
10-Jan-05,6881,7021,6816,6960
11-Jan-05,6971,7012,6855,6881
12-Jan-05,6869,6938,6807,6861
13-Jan-05,6854,6975,6814,6937
14-Jan-05,6948,7093,6927,7046
15-Jan-05,7028,7098,6998,7036
16-Jan-05,7033,7175,6975,7126
17-Jan-05,7140,7251,7107,7173
18-Jan-05,7161,7213,7130,7146
19-Jan-05,7132,7208,7048,7140
20-Jan-05,7136,7230,7089,7194
21-Jan-05,7210,7238,7072,7171
22-Jan-05,7164,7264,7087,7118
23-Jan-05,7136,7246,7115,7185
24-Jan-05,7180,7240,7126,7183
25-Jan-05,7195,7197,7094,7126
26-Jan-05,7142,7204,7023,7098
27-Jan-05,7101,7165,7004,7111
28-Jan-05,7117,7172,7025,7106
29-Jan-05,7116,7235,7106,7139
30-Jan-05,7152,7253,7149,7227
31-Jan-05,7239,7243,7150,7227
1-Feb-05,7244,7342,7176,7206
2-Feb-05,7222,7287,7135,7250
3-Feb-05,7257,7285,7135,7179
4-Feb-05,7183,7193,7087,7162
5-Feb-05,7176,7196,7147,7153
6-Feb-05,7142,7174,6989,7048
7-Feb-05,7038,7122,7006,7099
8-Feb-05,7095,7226,7073,7135
9-Feb-05,7152,7213,7087,7124
10-Feb-05,7133,7271,7056,7224
11-Feb-05,7225,7381,7211,7281
12-Feb-05,7268,7286,7168,7273
13-Feb-05,7283,7332,7241,7280
14-Feb-05,7281,7400,7280,7303
15-Feb-05,7305,7375,7168,7210
16-Feb-05,7223,7308,7131,7302
17-Feb-05,7291,7381,7287,7337
18-Feb-05,7334,7399,7226,7272
19-Feb-05,7274,7296,7203,7239
20-Feb-05,7247,7361,7208,7315
21-Feb-05,7332,7488,7326,7425
22-Feb-05,7436,7519,7361,7366
23-Feb-05,7372,7439,7276,7390
24-Feb-05,7390,7419,7277,7342
25-Feb-05,7357,7445,7239,7261
26-Feb-05,7279,7361,7234,7269
27-Feb-05,7275,7346,7189,7294
28-Feb-05,7274,7335,7237,7319
1-Mar-05,7339,7406,7220,7287
2-Mar-05,7282,7307,7186,7192
3-Mar-05,7194,7286,7023,7120
4-Mar-05,7130,7220,7042,7099
5-Mar-05,7115,7172,6991,7065
6-Mar-05,7047,7065,6951,7023
7-Mar-05,7043,7078,6963,7056
8-Mar-05,7039,7127,7012,7062
9-Mar-05,7053,7137,7033,7069
10-Mar-05,7089,7236,7039,7169
11-Mar-05,7185,7279,7051,7118
12-Mar-05,7138,7306,7081,7214
13-Mar-05,7201,7268,7123,7125
14-Mar-05,7114,7211,7013,7057
15-Mar-05,7043,7114,6972,6980
16-Mar-05,6963,7033,6797,6882
17-Mar-05,6887,6977,6854,6862
18-Mar-05,6850,6975,6763,6888
19-Mar-05,6901,6914,6808,6851
20-Mar-05,6837,6870,6724,6822
21-Mar-05,6819,6939,6773,6852
22-Mar-05,6846,6868,6744,6843
23-Mar-05,6855,6936,6790,6933
24-Mar-05,6920,6963,6760,6834
25-Mar-05,6819,6836,6804,6821
26-Mar-05,6831,6851,6769,6836
27-Mar-05,6837,6906,6698,6751
28-Mar-05,6768,6803,6673,6705
29-Mar-05,6701,6797,6609,6738
30-Mar-05,6754,6873,6702,6782
31-Mar-05,6763,6778,6713,6773
1-Apr-05,6791,6873,6741,6762
2-Apr-05,6770,6855,6721,6832
3-Apr-05,6850,7010,6823,6920
4-Apr-05,6913,6937,6829,6829
5-Apr-05,6832,6908,6809,6847
6-Apr-05,6846,6958,6814,6902
7-Apr-05,6889,6913,6791,6835
8-Apr-05,6835,6878,6742,6743
9-Apr-05,6754,6868,6741,6826
10-Apr-05,6839,6908,6680,6743
11-Apr-05,6724,6781,6686,6710
12-Apr-05,6718,6792,6612,6702
13-Apr-05,6684,6708,6670,6703
14-Apr-05,6709,6741,6669,6730
15-Apr-05,6720,6841,6694,6767
16-Apr-05,6780,6794,6681,6717
17-Apr-05,6719,6909,6640,6815
18-Apr-05,6814,6857,6687,6772
19-Apr-05,6760,6824,6628,6680
20-Apr-05,6677,6745,6605,6683
21-Apr-05,6684,6721,6641,6644
22-Apr-05,6640,6682,6631,6651
23-Apr-05,6638,6659,6527,6587
24-Apr-05,6575,6677,6535,6611
25-Apr-05,6612,6623,6466,6532
26-Apr-05,6535,6540,6363,6443
27-Apr-05,6431,6500,6431,6493
28-Apr-05,6479,6549,6386,6446
29-Apr-05,6456,6615,6450,6549
30-Apr-05,6561,6662,6526,6576
1-May-05,6567,6643,6495,6632
2-May-05,6644,6819,6610,6737
3-May-05,6747,6844,6725,6751
4-May-05,6768,6823,6646,6720
5-May-05,6705,6714,6559,6645
6-May-05,6641,6738,6560,6737
7-May-05,6748,6784,6701,6750
8-May-05,6745,6817,6704,6734
9-May-05,6718,6746,6629,6679
10-May-05,6671,6769,6548,6621
11-May-05,6601,6713,6515,6633
12-May-05,6647,6706,6609,6632
13-May-05,6627,6653,6573,6634
14-May-05,6641,6699,6609,6688
15-May-05,6677,6775,6598,6615
16-May-05,6599,6699,6587,6682
17-May-05,6666,6773,6569,6699
18-May-05,6712,6758,6582,6629
19-May-05,6644,6819,6638,6731
20-May-05,6737,6848,6654,6804
21-May-05,6798,6875,6735,6827
22-May-05,6845,6928,6714,6749
23-May-05,6742,6806,6732,6759
24-May-05,6775,6782,6701,6745
25-May-05,6747,6889,6690,6837
26-May-05,6837,6901,6792,6816
27-May-05,6796,6875,6701,6864
28-May-05,6868,6881,6847,6849
29-May-05,6836,6898,6761,6849
30-May-05,6847,6923,6817,6899
31-May-05,6902,6992,6893,6992
1-Jun-05,6973,7059,6891,6963
2-Jun-05,6955,7022,6848,6933
3-Jun-05,6913,7005,6900,6966
4-Jun-05,6985,7075,6903,6955
5-Jun-05,6962,7078,6887,6989
6-Jun-05,6975,6995,6860,6889
7-Jun-05,6893,6920,6826,6851
8-Jun-05,6871,6924,6789,6897
9-Jun-05,6878,6997,6855,6905
10-Jun-05,6887,6929,6776,6849
11-Jun-05,6863,6955,6786,6906
12-Jun-05,6920,7007,6915,6990
13-Jun-05,6984,7117,6945,7037
14-Jun-05,7032,7124,7029,7100
15-Jun-05,7083,7143,7033,7134
16-Jun-05,7130,7132,6981,7052
17-Jun-05,7054,7137,6958,7131
18-Jun-05,7138,7173,6954,7045
19-Jun-05,7058,7175,7019,7151
20-Jun-05,7155,7261,7139,7179
21-Jun-05,7160,7246,7094,7114
22-Jun-05,7103,7105,7036,7061
23-Jun-05,7063,7164,6980,7163
24-Jun-05,7177,7246,7044,7097
25-Jun-05,7115,7165,7031,7125
26-Jun-05,7108,7142,6975,7011
27-Jun-05,7015,7102,6889,6927
28-Jun-05,6913,7102,6853,7004
29-Jun-05,7006,7100,6900,6909
30-Jun-05,6903,6915,6799,6822
1-Jul-05,6835,6970,6794,6918
2-Jul-05,6912,6913,6871,6907
3-Jul-05,6887,6923,6801,6910
4-Jul-05,6913,7047,6876,6986
5-Jul-05,6970,7000,6799,6878
6-Jul-05,6875,7017,6845,6972
7-Jul-05,6992,7003,6893,6972
8-Jul-05,6988,7124,6940,7026
9-Jul-05,7037,7128,6890,6964
10-Jul-05,6969,7092,6890,7011
11-Jul-05,7023,7071,6971,7049
12-Jul-05,7033,7062,6948,7042
13-Jul-05,7022,7042,6884,6927
14-Jul-05,6910,6968,6889,6927
15-Jul-05,6939,7030,6897,6942
16-Jul-05,6959,7078,6898,7045
17-Jul-05,7025,7036,6950,7034
18-Jul-05,7016,7117,6965,7071
19-Jul-05,7068,7080,6937,7001
20-Jul-05,6996,7054,6869,6900
21-Jul-05,6881,6917,6723,6802
22-Jul-05,6808,6888,6725,6832
23-Jul-05,6847,6908,6742,6747
24-Jul-05,6739,6801,6667,6676
25-Jul-05,6681,6729,6559,6592
26-Jul-05,6597,6669,6527,6617
27-Jul-05,6636,6797,6574,6727
28-Jul-05,6734,6847,6674,6750
29-Jul-05,6732,6746,6646,6716
30-Jul-05,6706,6785,6691,6728
31-Jul-05,6730,6798,6722,6728
1-Aug-05,6726,6790,6714,6780
2-Aug-05,6768,6794,6724,6743
3-Aug-05,6738,6841,6712,6757
4-Aug-05,6753,6931,6689,6839
5-Aug-05,6839,6843,6735,6828
6-Aug-05,6848,6958,6819,6927
7-Aug-05,6942,6975,6848,6878
8-Aug-05,6892,6900,6776,6806
9-Aug-05,6802,6923,6767,6831
10-Aug-05,6835,7007,6735,6933
11-Aug-05,6933,7024,6817,6842
12-Aug-05,6840,7005,6818,6910
13-Aug-05,6894,6935,6791,6846
14-Aug-05,6863,6961,6810,6931
15-Aug-05,6922,6986,6775,6829
16-Aug-05,6823,6884,6734,6863
17-Aug-05,6852,6862,6763,6782
18-Aug-05,6784,6883,6769,6825
19-Aug-05,6806,6881,6671,6712
20-Aug-05,6693,6748,6607,6723
21-Aug-05,6725,6815,6652,6799
22-Aug-05,6809,6873,6759,6775
23-Aug-05,6793,6883,6721,6748
24-Aug-05,6765,6866,6748,6856
25-Aug-05,6845,6928,6747,6838
26-Aug-05,6853,6882,6812,6851
27-Aug-05,6857,6893,6776,6787
28-Aug-05,6800,6873,6703,6810
29-Aug-05,6808,6925,6798,6884
30-Aug-05,6869,6905,6825,6846
31-Aug-05,6834,6956,6752,6917
1-Sep-05,6936,6994,6809,6845
2-Sep-05,6858,6951,6673,6765
3-Sep-05,6768,6870,6678,6782
4-Sep-05,6770,6792,6669,6753
5-Sep-05,6771,6817,6616,6676
6-Sep-05,6666,6666,6543,6600
7-Sep-05,6582,6698,6532,6649
8-Sep-05,6650,6715,6601,6699
9-Sep-05,6704,6731,6587,6622
10-Sep-05,6610,6681,6545,6631
11-Sep-05,6628,6680,6558,6628
12-Sep-05,6621,6699,6604,6615
13-Sep-05,6604,6630,6577,6596
14-Sep-05,6601,6604,6478,6530
15-Sep-05,6521,6596,6473,6588
16-Sep-05,6570,6626,6500,6582
17-Sep-05,6600,6671,6441,6504
18-Sep-05,6497,6594,6450,6581
19-Sep-05,6586,6594,6506,6591
20-Sep-05,6592,6634,6579,6582
21-Sep-05,6589,6700,6586,6654
22-Sep-05,6653,6713,6569,6601
23-Sep-05,6588,6651,6553,6635
24-Sep-05,6633,6754,6592,6662
25-Sep-05,6645,6670,6555,6645
26-Sep-05,6640,6723,6600,6611
27-Sep-05,6617,6788,6552,6712
28-Sep-05,6713,6837,6645,6758
29-Sep-05,6772,6929,6762,6869
30-Sep-05,6883,6997,6847,6976
1-Oct-05,6959,7066,6870,7010
2-Oct-05,7016,7164,6972,7110
3-Oct-05,7096,7118,6995,7021
4-Oct-05,7039,7081,7024,7072
5-Oct-05,7085,7165,7084,7087
6-Oct-05,7091,7114,7089,7100
7-Oct-05,7098,7163,7023,7159
8-Oct-05,7179,7208,7116,7199
9-Oct-05,7184,7198,7102,7118
10-Oct-05,7110,7210,7025,7079
11-Oct-05,7063,7139,7040,7061
12-Oct-05,7041,7066,6941,6978
13-Oct-05,6997,7074,6814,6905
14-Oct-05,6896,6963,6807,6860
15-Oct-05,6848,6985,6792,6922
16-Oct-05,6937,7104,6879,7014
17-Oct-05,7007,7093,6994,7012
18-Oct-05,7005,7131,6910,7043
19-Oct-05,7028,7123,6939,6970
20-Oct-05,6990,7115,6968,7039
21-Oct-05,7057,7142,6942,7026
22-Oct-05,7017,7048,6900,6987
23-Oct-05,6997,7103,6920,7024
24-Oct-05,7004,7109,6995,7044
25-Oct-05,7063,7066,6966,7038
26-Oct-05,7036,7079,6947,6997
27-Oct-05,7009,7109,6947,6970
28-Oct-05,6964,7024,6860,6907
29-Oct-05,6912,6941,6803,6816
30-Oct-05,6823,6970,6735,6919
31-Oct-05,6916,7008,6886,6918
1-Nov-05,6907,7087,6897,7004
2-Nov-05,7014,7049,6836,6926
3-Nov-05,6912,7018,6861,6960
4-Nov-05,6941,6957,6862,6936
5-Nov-05,6920,6988,6873,6909
6-Nov-05,6924,6933,6831,6916
7-Nov-05,6936,6974,6867,6956
8-Nov-05,6941,7063,6906,7020
9-Nov-05,7016,7037,6917,6936
10-Nov-05,6945,7058,6938,7008
11-Nov-05,7028,7072,6938,7014
12-Nov-05,7005,7150,6932,7100
13-Nov-05,7119,7177,7075,7124
14-Nov-05,7138,7211,7111,7123
15-Nov-05,7118,7186,6928,7026
16-Nov-05,7041,7124,7006,7031
17-Nov-05,7048,7169,7016,7119
18-Nov-05,7124,7221,7013,7069
19-Nov-05,7076,7145,7039,7112
20-Nov-05,7131,7241,7104,7161
21-Nov-05,7164,7261,7060,7083
22-Nov-05,7095,7102,6929,7011
23-Nov-05,7029,7141,6969,7120
24-Nov-05,7107,7107,7005,7103
25-Nov-05,7107,7211,7014,7127
26-Nov-05,7120,7205,7075,7092
27-Nov-05,7109,7136,6910,7010
28-Nov-05,6999,7124,6951,7060
29-Nov-05,7078,7141,7042,7114
30-Nov-05,7123,7227,7064,7185
1-Dec-05,7189,7210,7127,7207
2-Dec-05,7196,7225,7192,7202
3-Dec-05,7183,7281,7114,7157
4-Dec-05,7156,7231,7060,7091
5-Dec-05,7098,7155,6919,7017
6-Dec-05,7006,7013,6886,6910
7-Dec-05,6929,7014,6810,6896
8-Dec-05,6888,6897,6804,6872
9-Dec-05,6866,6952,6777,6896
10-Dec-05,6876,6946,6869,6931
11-Dec-05,6942,6965,6917,6917
12-Dec-05,6927,7010,6819,6836
13-Dec-05,6818,6980,6718,6905
14-Dec-05,6925,7017,6811,6884
15-Dec-05,6871,6956,6803,6814
16-Dec-05,6834,6893,6768,6825
17-Dec-05,6819,6862,6713,6768
18-Dec-05,6776,6936,6749,6841
19-Dec-05,6837,6897,6787,6892
20-Dec-05,6903,7012,6901,6929
21-Dec-05,6939,6985,6834,6877
22-Dec-05,6879,6948,6822,6868
23-Dec-05,6879,6921,6749,6839
24-Dec-05,6847,6916,6763,6863
25-Dec-05,6846,6992,6799,6899
26-Dec-05,6917,7014,6890,6970
27-Dec-05,6985,7061,6846,6944
28-Dec-05,6927,7009,6849,6853
29-Dec-05,6842,6962,6763,6902
30-Dec-05,6909,6932,6790,6829
31-Dec-05,6846,6968,6793,6882
1-Jan-06,6898,6980,6878,6916
2-Jan-06,6899,6976,6781,6826
3-Jan-06,6840,6933,6783,6843
4-Jan-06,6853,6909,6751,6767
5-Jan-06,6768,6883,6718,6816
6-Jan-06,6829,6839,6767,6823
7-Jan-06,6842,6904,6801,6889
8-Jan-06,6876,6962,6843,6921
9-Jan-06,6932,6977,6892,6929
10-Jan-06,6936,7046,6923,7023
11-Jan-06,7015,7174,6947,7082
12-Jan-06,7062,7156,6990,7137
13-Jan-06,7140,7231,7121,7210
14-Jan-06,7201,7247,7159,7159
15-Jan-06,7179,7225,7132,7146
16-Jan-06,7151,7178,7077,7171
17-Jan-06,7189,7193,7150,7170
18-Jan-06,7154,7168,7020,7118
19-Jan-06,7132,7198,7074,7174
20-Jan-06,7162,7183,7103,7143
21-Jan-06,7148,7318,7124,7218
22-Jan-06,7221,7275,7174,7197
23-Jan-06,7197,7268,7096,7124
24-Jan-06,7123,7194,7021,7075
25-Jan-06,7085,7210,7025,7184
26-Jan-06,7178,7310,7156,7276
27-Jan-06,7263,7324,7109,7175
28-Jan-06,7162,7210,7124,7158
29-Jan-06,7158,7251,7109,7139
30-Jan-06,7159,7214,7095,7149
31-Jan-06,7156,7191,7068,7152
1-Feb-06,7155,7197,7056,7128
2-Feb-06,7120,7196,7035,7078
3-Feb-06,7097,7175,6927,7005
4-Feb-06,6997,7147,6973,7089
5-Feb-06,7088,7162,7064,7142
6-Feb-06,7147,7239,7076,7166
7-Feb-06,7149,7164,7105,7154
8-Feb-06,7141,7151,7040,7131
9-Feb-06,7114,7246,7079,7211
10-Feb-06,7231,7291,7195,7265
11-Feb-06,7250,7357,7155,7306
12-Feb-06,7309,7428,7299,7394
13-Feb-06,7386,7441,7247,7314
14-Feb-06,7334,7451,7244,7362
15-Feb-06,7356,7439,7270,7367
16-Feb-06,7370,7506,7313,7437
17-Feb-06,7448,7554,7429,7467
18-Feb-06,7474,7531,7318,7408
19-Feb-06,7390,7458,7383,7383
20-Feb-06,7392,7446,7354,7399
21-Feb-06,7382,7437,7292,7327
22-Feb-06,7343,7513,7272,7425
23-Feb-06,7429,7591,7387,7513
24-Feb-06,7505,7521,7317,7414
25-Feb-06,7398,7418,7354,7415
26-Feb-06,7413,7432,7335,7351
27-Feb-06,7336,7371,7310,7352
28-Feb-06,7347,7429,7180,7257
1-Mar-06,7247,7331,7180,7229
2-Mar-06,7227,7278,7164,7196
3-Mar-06,7205,7316,7136,7284
4-Mar-06,7304,7308,7213,7251
5-Mar-06,7238,7316,7210,7221
6-Mar-06,7220,7310,7169,7308
7-Mar-06,7293,7413,7260,7358
8-Mar-06,7347,7415,7258,7359
9-Mar-06,7363,7479,7272,7452
10-Mar-06,7461,7590,7394,7498
11-Mar-06,7507,7562,7451,7451
12-Mar-06,7445,7550,7390,7484
13-Mar-06,7477,7599,7398,7504
14-Mar-06,7494,7551,7453,7494
15-Mar-06,7494,7591,7478,7515
16-Mar-06,7495,7539,7317,7402
17-Mar-06,7393,7405,7347,7387
18-Mar-06,7406,7552,7384,7465
19-Mar-06,7451,7490,7401,7428
20-Mar-06,7448,7498,7341,7431
21-Mar-06,7449,7493,7343,7367
22-Mar-06,7364,7384,7252,7343
23-Mar-06,7329,7478,7289,7422
24-Mar-06,7408,7484,7338,7454
25-Mar-06,7461,7578,7361,7559
26-Mar-06,7539,7658,7447,7634
27-Mar-06,7646,7670,7505,7605
28-Mar-06,7623,7650,7509,7609
29-Mar-06,7624,7696,7510,7563
30-Mar-06,7578,7664,7464,7502
31-Mar-06,7498,7571,7350,7411
1-Apr-06,7430,7581,7372,7525
2-Apr-06,7518,7543,7401,7425
3-Apr-06,7415,7426,7393,7416
4-Apr-06,7422,7534,7399,7518
5-Apr-06,7534,7597,7502,7505
6-Apr-06,7498,7578,7409,7441
7-Apr-06,7423,7525,7405,7462
8-Apr-06,7468,7469,7356,7452
9-Apr-06,7434,7516,7405,7481
10-Apr-06,7488,7618,7437,7548
11-Apr-06,7541,7562,7401,7476
12-Apr-06,7482,7580,7401,7530
13-Apr-06,7549,7669,7497,7643
14-Apr-06,7627,7633,7506,7559
15-Apr-06,7564,7585,7526,7529
16-Apr-06,7538,7613,7438,7571
17-Apr-06,7561,7576,7541,7571
18-Apr-06,7563,7641,7442,7524
19-Apr-06,7539,7542,7440,7493
20-Apr-06,7480,7606,7415,7531
21-Apr-06,7542,7564,7460,7539
22-Apr-06,7523,7623,7492,7510
23-Apr-06,7507,7582,7410,7415
24-Apr-06,7408,7463,7383,7409
25-Apr-06,7395,7470,7279,7320
26-Apr-06,7307,7428,7214,7346
27-Apr-06,7339,7443,7265,7368
28-Apr-06,7381,7531,7380,7452
29-Apr-06,7441,7484,7419,7449
30-Apr-06,7450,7485,7363,7460
1-May-06,7474,7532,7401,7486
2-May-06,7471,7546,7396,7507
3-May-06,7505,7601,7414,7426
4-May-06,7437,7477,7362,7371
5-May-06,7356,7441,7286,7435
6-May-06,7442,7492,7373,7447
7-May-06,7462,7468,7388,7412
8-May-06,7411,7485,7279,7330
9-May-06,7339,7365,7257,7283
10-May-06,7280,7342,7125,7210
11-May-06,7205,7321,7118,7276
12-May-06,7261,7343,7250,7308
13-May-06,7320,7347,7148,7227
14-May-06,7218,7251,7123,7132
15-May-06,7151,7204,7056,7113
16-May-06,7103,7155,7076,7149
17-May-06,7169,7225,7005,7094
18-May-06,7092,7247,7016,7147
19-May-06,7131,7274,7039,7211
20-May-06,7230,7264,7176,7180
21-May-06,7197,7217,7119,7196
22-May-06,7213,7293,7178,7198
23-May-06,7191,7285,7050,7146
24-May-06,7140,7305,7137,7231
25-May-06,7251,7354,7168,7263
26-May-06,7261,7273,7097,7166
27-May-06,7182,7225,7169,7223
28-May-06,7237,7370,7174,7275
29-May-06,7283,7361,7242,7348
30-May-06,7334,7398,7269,7384
31-May-06,7371,7467,7371,7460
1-Jun-06,7477,7569,7386,7453
2-Jun-06,7448,7527,7326,7406
3-Jun-06,7417,7503,7354,7480
4-Jun-06,7495,7604,7409,7548
5-Jun-06,7541,7639,7381,7479
6-Jun-06,7490,7605,7414,7532
7-Jun-06,7540,7551,7513,7524
8-Jun-06,7515,7587,7405,7468
9-Jun-06,7488,7584,7399,7430
10-Jun-06,7423,7488,7375,7390
11-Jun-06,7382,7505,7375,7408
12-Jun-06,7394,7525,7375,7456
13-Jun-06,7437,7470,7322,7364
14-Jun-06,7346,7394,7261,7338
15-Jun-06,7323,7355,7299,7338
16-Jun-06,7341,7450,7309,7358
17-Jun-06,7342,7430,7234,7286
18-Jun-06,7272,7362,7197,7236
19-Jun-06,7238,7312,7140,7291
20-Jun-06,7276,7352,7103,7180
21-Jun-06,7192,7361,7121,7268
22-Jun-06,7261,7365,7260,7282
23-Jun-06,7296,7434,7270,7385
24-Jun-06,7369,7540,7337,7462
25-Jun-06,7463,7617,7402,7547
26-Jun-06,7553,7630,7508,7543
27-Jun-06,7523,7528,7423,7454
28-Jun-06,7434,7618,7339,7519
29-Jun-06,7526,7532,7409,7434
30-Jun-06,7446,7545,7389,7425
1-Jul-06,7419,7426,7289,7383
2-Jul-06,7401,7461,7298,7315
3-Jul-06,7297,7350,7190,7240
4-Jul-06,7236,7246,7211,7213
5-Jul-06,7200,7315,7106,7253
6-Jul-06,7265,7339,7177,7194
7-Jul-06,7200,7247,7088,7117
8-Jul-06,7104,7179,7033,7132
9-Jul-06,7117,7204,6965,7039
10-Jul-06,7036,7168,7025,7119
11-Jul-06,7110,7241,7087,7171
12-Jul-06,7173,7254,7173,7248
13-Jul-06,7231,7242,7126,7163
14-Jul-06,7159,7261,7147,7227
15-Jul-06,7219,7233,7040,7120
16-Jul-06,7138,7165,7137,7152
17-Jul-06,7134,7215,7017,7093
18-Jul-06,7081,7162,6990,7152
19-Jul-06,7158,7255,7065,7106
20-Jul-06,7097,7111,6952,7001
21-Jul-06,7021,7080,6990,7037
22-Jul-06,7030,7079,6920,6959
23-Jul-06,6945,7135,6863,7040
24-Jul-06,7043,7101,6931,6988
25-Jul-06,6983,7048,6880,6910
26-Jul-06,6929,6994,6857,6946
27-Jul-06,6950,7047,6923,6935
28-Jul-06,6926,6942,6826,6915
29-Jul-06,6897,6968,6853,6888
30-Jul-06,6880,6900,6765,6811
31-Jul-06,6831,6831,6756,6801
1-Aug-06,6809,6873,6653,6722
2-Aug-06,6722,6855,6665,6761
3-Aug-06,6757,6806,6695,6711
4-Aug-06,6716,6804,6620,6759
5-Aug-06,6776,6873,6717,6816
6-Aug-06,6834,6871,6830,6843
7-Aug-06,6832,6911,6760,6832
8-Aug-06,6831,6883,6745,6745
9-Aug-06,6752,6891,6673,6796
10-Aug-06,6805,6895,6725,6781
11-Aug-06,6764,6842,6705,6734
12-Aug-06,6735,6773,6545,6637
13-Aug-06,6625,6791,6615,6710
14-Aug-06,6704,6756,6616,6701
15-Aug-06,6711,6776,6559,6643
16-Aug-06,6643,6645,6516,6568
17-Aug-06,6586,6709,6490,6624
18-Aug-06,6619,6690,6537,6570
19-Aug-06,6558,6614,6440,6525
20-Aug-06,6530,6603,6384,6457
21-Aug-06,6437,6484,6373,6420
22-Aug-06,6425,6428,6269,6363
23-Aug-06,6383,6459,6376,6455
24-Aug-06,6438,6496,6422,6478
25-Aug-06,6489,6588,6421,6474
26-Aug-06,6460,6560,6295,6393
27-Aug-06,6407,6428,6326,6364
28-Aug-06,6379,6439,6315,6345
29-Aug-06,6332,6398,6242,6375
30-Aug-06,6392,6484,6298,6477
31-Aug-06,6470,6527,6376,6466
1-Sep-06,6478,6564,6383,6526
2-Sep-06,6546,6580,6546,6548
3-Sep-06,6532,6628,6504,6516
4-Sep-06,6522,6567,6489,6552
5-Sep-06,6569,6633,6411,6507
6-Sep-06,6495,6557,6380,6458
7-Sep-06,6463,6536,6437,6526
8-Sep-06,6509,6579,6407,6415
9-Sep-06,6406,6564,6331,6491
10-Sep-06,6500,6571,6324,6421
11-Sep-06,6435,6471,6398,6450
12-Sep-06,6430,6528,6387,6511
13-Sep-06,6495,6654,6435,6554
14-Sep-06,6572,6644,6524,6566
15-Sep-06,6554,6694,6507,6605
16-Sep-06,6598,6680,6511,6646
17-Sep-06,6654,6718,6549,6612
18-Sep-06,6598,6658,6463,6551
19-Sep-06,6559,6629,6480,6603
20-Sep-06,6609,6753,6537,6702
21-Sep-06,6693,6801,6642,6711
22-Sep-06,6725,6767,6678,6744
23-Sep-06,6760,6883,6664,6824
24-Sep-06,6821,6848,6756,6788
25-Sep-06,6780,6871,6684,6684
26-Sep-06,6685,6724,6516,6606
27-Sep-06,6586,6672,6533,6542
28-Sep-06,6532,6653,6518,6581
29-Sep-06,6570,6727,6544,6631
30-Sep-06,6630,6699,6519,6560
1-Oct-06,6573,6632,6442,6492
2-Oct-06,6498,6527,6437,6467
3-Oct-06,6486,6486,6448,6477
4-Oct-06,6458,6522,6338,6364
5-Oct-06,6359,6424,6292,6422
6-Oct-06,6417,6448,6226,6323
7-Oct-06,6317,6415,6293,6332
8-Oct-06,6316,6415,6226,6263
9-Oct-06,6249,6278,6136,6231
10-Oct-06,6246,6316,6148,6240
11-Oct-06,6239,6346,6200,6339
12-Oct-06,6356,6435,6317,6431
13-Oct-06,6431,6512,6337,6346
14-Oct-06,6356,6366,6245,6325
15-Oct-06,6327,6352,6229,6268
16-Oct-06,6276,6357,6209,6280
17-Oct-06,6289,6426,6265,6328
18-Oct-06,6308,6344,6202,6229
19-Oct-06,6212,6241,6083,6153
20-Oct-06,6137,6254,6106,6235
21-Oct-06,6248,6263,6100,6148
22-Oct-06,6168,6270,6079,6176
23-Oct-06,6186,6207,6084,6146
24-Oct-06,6141,6289,6057,6218
25-Oct-06,6237,6360,6157,6319
26-Oct-06,6319,6337,6233,6233
27-Oct-06,6229,6367,6227,6279
28-Oct-06,6263,6301,6143,6166
29-Oct-06,6179,6336,6090,6273
30-Oct-06,6264,6315,6219,6232
31-Oct-06,6215,6234,6127,6225
1-Nov-06,6234,6275,6142,6268
2-Nov-06,6250,6322,6183,6260
3-Nov-06,6241,6331,6151,6158
4-Nov-06,6164,6337,6094,6264
5-Nov-06,6244,6338,6219,6318
6-Nov-06,6305,6358,6158,6244
7-Nov-06,6252,6323,6177,6304
8-Nov-06,6310,6362,6151,6231
9-Nov-06,6233,6336,6222,6242
10-Nov-06,6237,6258,6133,6178
11-Nov-06,6167,6205,6059,6085
12-Nov-06,6074,6135,5987,5989
13-Nov-06,5995,6030,5911,5959
14-Nov-06,5977,6031,5864,5919
15-Nov-06,5915,5932,5795,5884
16-Nov-06,5875,5952,5841,5929
17-Nov-06,5927,6046,5903,5956
18-Nov-06,5953,6095,5910,6021
19-Nov-06,6019,6063,5854,5951
20-Nov-06,5945,6019,5848,5959
21-Nov-06,5971,6065,5855,5879
22-Nov-06,5880,5952,5800,5901
23-Nov-06,5897,5985,5879,5928
24-Nov-06,5945,6027,5845,5868
25-Nov-06,5860,5920,5781,5915
26-Nov-06,5923,5983,5840,5975
27-Nov-06,5990,6136,5896,6063
28-Nov-06,6077,6124,6001,6113
29-Nov-06,6111,6204,6053,6178
30-Nov-06,6160,6252,6075,6217
1-Dec-06,6216,6267,6158,6224
2-Dec-06,6231,6339,6189,6283
3-Dec-06,6266,6345,6157,6244
4-Dec-06,6262,6277,6153,6210
5-Dec-06,6199,6261,6033,6129
6-Dec-06,6110,6157,6009,6021
7-Dec-06,6017,6082,5897,5958
8-Dec-06,5941,5984,5924,5930
9-Dec-06,5949,5996,5893,5930
10-Dec-06,5922,5974,5840,5949
11-Dec-06,5945,6142,5911,6044
12-Dec-06,6045,6090,5868,5968
13-Dec-06,5958,6051,5904,6026
14-Dec-06,6042,6099,5982,6082
15-Dec-06,6085,6109,6055,6091
16-Dec-06,6082,6086,5954,6042
17-Dec-06,6046,6112,6006,6102
18-Dec-06,6095,6235,6019,6151
19-Dec-06,6158,6250,6043,6102
20-Dec-06,6097,6102,5975,6013
21-Dec-06,6015,6130,5950,6114
22-Dec-06,6102,6136,5939,6002
23-Dec-06,6000,6016,5849,5923
24-Dec-06,5928,5937,5822,5848
25-Dec-06,5838,5934,5793,5824
26-Dec-06,5813,5946,5713,5867
27-Dec-06,5874,5952,5756,5782
28-Dec-06,5773,5827,5640,5675
29-Dec-06,5658,5839,5608,5754
30-Dec-06,5767,5772,5745,5769
31-Dec-06,5771,5812,5663,5704
1-Jan-07,5699,5789,5579,5637
2-Jan-07,5641,5827,5543,5741
3-Jan-07,5741,5777,5667,5691
4-Jan-07,5682,5798,5601,5743
5-Jan-07,5754,5799,5660,5787
6-Jan-07,5771,5862,5698,5789
7-Jan-07,5803,5861,5633,5713
8-Jan-07,5722,5784,5611,5667
9-Jan-07,5649,5734,5640,5668
10-Jan-07,5665,5758,5662,5731
11-Jan-07,5747,5830,5675,5675
12-Jan-07,5691,5707,5530,5610
13-Jan-07,5629,5679,5628,5657
14-Jan-07,5656,5659,5565,5655
15-Jan-07,5666,5673,5495,5591
16-Jan-07,5596,5601,5523,5595
17-Jan-07,5606,5692,5558,5622
18-Jan-07,5606,5722,5515,5626
19-Jan-07,5616,5691,5580,5669
20-Jan-07,5675,5821,5596,5775
21-Jan-07,5769,5897,5686,5856
22-Jan-07,5869,5967,5691,5773
23-Jan-07,5776,5799,5738,5791
24-Jan-07,5806,5855,5755,5813
25-Jan-07,5828,5836,5724,5769
26-Jan-07,5768,5864,5677,5750
27-Jan-07,5770,5839,5676,5790
28-Jan-07,5774,5828,5595,5679
29-Jan-07,5671,5763,5597,5726
30-Jan-07,5718,5810,5713,5778
31-Jan-07,5771,5848,5622,5690
1-Feb-07,5671,5805,5644,5771
2-Feb-07,5766,5825,5661,5749
3-Feb-07,5754,5800,5664,5675
4-Feb-07,5663,5784,5625,5754
5-Feb-07,5746,5880,5672,5815
6-Feb-07,5831,5878,5779,5843
7-Feb-07,5850,5855,5724,5777
8-Feb-07,5774,5904,5675,5810
9-Feb-07,5811,5902,5797,5799
10-Feb-07,5799,5853,5787,5849
11-Feb-07,5867,5950,5836,5857
12-Feb-07,5874,5971,5832,5892
13-Feb-07,5877,5925,5848,5881
14-Feb-07,5887,5890,5750,5799
15-Feb-07,5806,5881,5656,5746
16-Feb-07,5753,5927,5735,5839
17-Feb-07,5849,5918,5717,5807
18-Feb-07,5803,5901,5771,5899
19-Feb-07,5910,5920,5779,5833
20-Feb-07,5824,5902,5656,5728
21-Feb-07,5733,5864,5724,5784
22-Feb-07,5775,5818,5704,5717
23-Feb-07,5725,5792,5705,5777
24-Feb-07,5787,5792,5703,5748
25-Feb-07,5749,5790,5660,5712
26-Feb-07,5706,5734,5543,5628
27-Feb-07,5617,5687,5564,5681
28-Feb-07,5668,5741,5497,5574
1-Mar-07,5586,5675,5460,5527
2-Mar-07,5528,5539,5417,5468
3-Mar-07,5458,5463,5356,5454
4-Mar-07,5463,5501,5331,5399
5-Mar-07,5379,5398,5262,5347
